CODEX,240011,240012,240013,240014,240015,240021,240022,240023,240024,240025,TEMPS
226410,6.6,7.6,6.3,0.0,8.0,7.6,7.0,6.8,7.0,5.1,8
226431,4.0,6.0,4.2,5.3,4.0,5.0,6.0,3.0,7.1,8.0,12
226455,8.1,7.2,5.8,5.0,9.2,6.6,7.3,8.1,8.1,5.4,8
226464,4.0,5.0,4.6,5.4,5.0,4.7,5.0,4.1,6.9,7.2,10
226467,2.9,3.8,4.7,5.5,2.1,2.5,0.0,0.8,1.6,5.8,11
226472,7.8,7.9,5.7,8.0,4.2,7.3,7.8,6.3,8.0,6.5,8
226494,5.0,6.6,5.7,6.3,1.0,6.5,6.1,6.3,6.2,5.2,9
226495,6.2,5.1,5.0,5.0,1.4,6.1,5.8,5.0,4.3,5.5,10
226499,7.3,6.6,5.0,5.6,6.5,7.1,7.1,5.3,8.4,7.0,8
226515,7.8,6.1,7.4,8.5,7.3,6.3,7.4,7.2,8.0,8.7,8
226543,7.4,6.0,6.6,6.4,6.9,4.5,4.6,4.7,6.9,3.5,9
226635,5.3,5.5,5.0,6.7,5.0,6.3,5.9,5.0,6.6,6.7,8
226648,5.6,6.6,5.5,5.9,4.3,5.4,5.4,1.6,5.4,5.9,10
226673,5.6,6.6,8.7,8.5,4.3,5.4,5.4,6.3,10.0,7.1,8
226679,5.5,6.5,6.3,5.7,7.6,4.4,4.0,2.4,2.7,5.4,14
226680,6.8,7.6,6.1,7.7,7.2,8.0,8.2,7.0,8.8,6.9,8
226684,6.0,6.1,5.5,5.0,5.1,5.8,3.8,5.5,2.7,1.0,16
226685,5.7,5.4,7.5,6.5,5.3,5.0,5.0,5.0,8.0,6.8,10
226687,4.4,5.0,5.6,4.5,0.1,5.3,6.1,2.9,6.3,1.1,14
226717,4.6,2.8,5.7,7.2,2.8,5.9,1.2,2.1,4.5,5.7,11
226750,4.6,2.8,5.0,5.3,2.8,3.6,1.2,2.4,5.8,0.0,16
226774,6.1,7.2,7.9,8.4,8.3,5.8,7.4,5.0,8.5,5.0,8
226798,2.7,6.5,3.8,6.5,1.3,5.7,4.1,0.2,6.9,5.2,10
226818,9.0,9.0,9.0,7.8,9.2,7.6,7.9,9.5,8.8,8.6,8
226877,6.4,7.0,7.0,6.7,6.5,6.3,5.9,5.0,7.4,5.8,5
226888,5.4,3.4,5.6,3.7,7.0,5.4,5.0,5.8,2.6,6.9,12
226889,5.5,6.4,4.8,5.7,0.4,4.5,6.0,5.8,3.2,6.0,12
226944,8.5,7.2,6.5,6.8,8.7,6.0,6.8,5.5,7.7,6.8,9
226950,5.6,5.5,7.0,7.0,4.0,3.9,5.5,8.2,7.1,5.4,8
226980,5.3,6.6,5.3,7.0,6.0,4.3,6.1,3.9,5.5,5.1,11
227006,4.0,6.0,5.0,8.0,6.5,6.4,4.3,5.6,7.9,5.0,11
227008,7.4,7.4,6.9,6.3,8.6,6.2,5.6,5.5,5.6,7.5,9
227012,6.1,5.7,6.1,6.4,7.7,5.0,5.4,5.4,6.3,6.4,10
227018,5.6,5.0,3.0,5.7,1.8,3.0,7.6,5.5,5.0,5.0,10
227021,5.5,5.0,6.5,7.2,0.6,5.7,5.2,5.8,6.8,4.0,9
227027,4.4,5.0,5.0,7.4,7.3,5.1,5.0,5.4,5.0,5.0,9
227032,6.6,5.9,7.4,5.6,3.3,5.0,6.6,6.4,5.0,4.2,9
227034,7.0,7.6,6.7,8.0,6.6,6.0,7.0,7.4,7.7,6.5,8
227036,4.4,7.0,5.9,5.6,1.5,7.0,3.6,5.0,6.0,3.7,9
227047,8.0,8.0,7.2,7.7,5.8,7.0,5.7,6.8,10.0,7.6,8
227048,5.5,7.2,6.0,7.2,6.3,6.1,7.5,5.3,7.8,5.0,8
227073,5.0,5.5,5.0,1.2,1.3,5.1,5.0,2.2,3.3,5.0,12
227082,5.0,6.3,5.6,6.6,5.7,6.2,6.1,5.4,7.5,6.2,8
227087,4.3,5.0,6.0,6.1,7.1,5.0,6.6,6.2,8.0,7.1,9
227091,5.7,6.2,5.9,4.2,1.3,5.2,4.7,5.0,5.7,2.4,14
227092,7.3,7.5,6.1,5.8,0.9,8.1,8.1,7.1,6.9,6.1,9
227094,7.3,8.1,5.5,7.0,8.5,7.1,8.5,7.5,7.3,7.1,8
227095,7.0,7.5,5.8,5.5,5.0,6.8,7.5,5.0,5.1,5.6,8
227096,7.3,10.0,7.7,8.7,6.2,8.4,9.0,8.8,7.2,6.8,8
227098,3.8,5.0,6.8,4.3,6.5,7.7,6.0,7.2,6.7,2.0,9
227121,5.6,5.7,7.4,7.5,4.4,6.2,4.3,4.5,7.4,6.9,10
227123,2.7,2.9,3.3,4.1,2.1,4.6,5.5,4.5,3.9,3.8,13
227125,4.5,3.9,5.3,4.8,6.9,5.3,7.1,0.5,6.5,6.8,12
227128,5.1,6.0,5.2,5.6,3.3,5.0,5.3,4.7,3.4,0.8,12
227129,6.4,6.3,5.8,4.2,1.5,5.7,5.0,5.0,7.7,0.0,9
227132,3.8,5.9,5.8,3.8,3.2,5.6,4.8,3.2,4.6,0.0,12
227133,8.0,8.3,8.8,6.7,8.7,7.7,8.4,8.8,9.0,8.5,8
227142,5.0,5.4,6.4,9.0,5.4,7.1,7.0,8.6,7.7,5.5,5
227182,0.0,5.5,6.7,6.1,0.7,5.0,5.0,3.9,4.2,6.0,11
227199,6.5,7.0,5.6,5.2,6.7,4.3,5.1,3.9,3.5,6.4,10
227200,5.8,5.1,3.3,5.0,0.3,5.6,5.1,5.8,4.1,5.0,10
227207,6.8,7.0,6.2,7.3,4.3,7.4,7.2,5.9,6.8,6.7,8
227213,5.0,4.6,4.7,5.9,4.5,3.7,7.3,5.0,6.8,6.3,10
227215,6.1,5.3,7.4,6.8,6.7,5.1,5.9,5.7,8.2,6.5,8
227231,2.0,5.1,5.7,6.2,6.4,4.4,4.0,4.2,3.7,9.0,11
227260,3.0,5.6,5.6,6.4,2.3,5.5,7.2,5.3,7.8,8.5,10
227261,8.3,7.2,6.7,7.0,4.5,8.2,8.5,8.0,8.7,6.8,8
227264,5.8,6.7,6.0,5.5,1.9,5.6,7.2,5.0,5.0,7.0,8
227284,5.3,5.0,6.3,6.5,7.0,5.7,4.1,4.6,6.6,6.0,9
227285,3.5,4.1,3.5,5.0,3.1,4.2,5.3,5.6,6.0,6.9,8
227286,5.0,4.4,6.1,6.4,3.6,6.3,1.6,5.8,7.3,6.2,9
227289,4.4,2.2,2.8,3.9,5.3,4.2,6.8,4.2,6.7,5.0,17
227290,6.0,5.3,5.0,5.0,5.2,5.0,7.1,6.0,5.0,5.1,8
227296,5.8,6.0,4.5,6.8,7.5,5.4,7.0,5.6,6.5,5.0,8
227298,6.5,8.1,6.3,5.1,6.3,6.1,5.5,5.3,5.0,7.9,9
227300,7.0,8.5,6.6,7.4,8.2,8.0,8.4,8.5,8.5,9.6,8
227301,5.2,5.7,5.0,6.2,5.0,5.6,5.5,5.5,7.1,5.0,8
227302,6.0,5.3,5.0,7.3,5.0,5.1,5.4,5.0,6.0,5.0,9
227303,5.0,7.8,6.7,8.3,8.3,1.3,6.1,0.6,6.4,0.8,10
227304,5.8,6.5,5.0,8.0,2.4,5.0,7.3,6.8,6.5,6.3,8
227307,5.6,5.1,5.9,5.0,3.3,5.4,5.1,5.0,5.0,5.1,10
227309,9.0,9.0,8.7,8.7,9.2,8.2,8.3,8.5,7.0,9.4,8
227320,5.4,3.1,5.2,6.4,1.5,2.6,0.0,2.1,4.1,0.5,13
227326,5.2,6.0,6.8,6.3,3.3,5.2,5.0,5.0,5.0,7.1,10
227327,6.7,5.2,5.3,6.4,2.7,5.2,4.0,5.0,5.7,5.3,10
227328,7.1,7.5,6.6,7.0,8.2,7.1,6.5,5.5,6.6,7.9,8
227332,6.8,7.4,5.0,7.4,0.8,5.5,6.0,5.2,5.0,7.7,8
227334,6.8,5.7,7.4,9.0,6.0,6.5,5.9,5.0,6.2,5.9,7
227338,9.5,7.1,7.8,6.5,9.2,5.9,7.9,8.7,8.7,7.7,8
227341,5.0,5.5,7.2,6.0,7.2,5.4,5.0,5.5,5.5,5.0,8
227351,8.1,7.0,7.6,7.2,9.2,5.7,5.0,5.3,5.3,8.2,8
227355,6.8,6.4,6.6,5.5,2.0,5.3,5.0,6.1,2.3,5.1,8
227363,4.2,4.4,7.1,5.4,5.8,0.0,4.6,6.2,6.0,6.4,11
227365,7.0,7.0,6.1,6.8,5.0,6.4,7.0,7.7,8.8,5.3,8
227369,0.0,5.2,5.0,5.0,4.0,6.1,3.3,0.9,2.0,6.1,11
227383,6.3,6.6,6.0,6.7,6.9,5.0,4.0,5.0,6.7,4.4,9
227406,4.5,5.4,4.6,3.8,5.1,5.3,4.0,4.8,5.2,7.2,10
227409,5.0,5.1,5.1,6.5,0.3,0.0,6.0,6.0,6.7,2.9,9
227413,2.6,5.6,5.1,6.6,6.0,5.0,5.3,6.1,8.6,5.0,8
227422,2.9,2.0,5.6,5.0,0.2,5.2,5.9,5.0,0.0,0.0,13
227433,7.3,7.3,6.8,8.3,8.7,6.6,6.6,6.6,8.6,6.2,8
227436,5.3,7.1,7.7,8.3,5.8,6.7,5.5,3.2,5.4,2.3,10
227447,2.1,4.5,4.6,4.7,3.1,4.1,5.6,2.6,5.9,5.2,15
227451,6.6,7.0,5.3,5.4,5.0,5.7,5.3,5.0,7.2,7.4,8
227452,5.0,6.6,5.3,5.4,1.2,5.3,5.3,3.5,5.0,6.7,11
227457,3.4,4.2,5.2,6.3,5.4,4.7,6.4,2.8,6.1,5.8,12
227459,5.2,4.6,5.4,7.3,7.8,5.6,5.0,3.3,6.6,9.1,13
227480,6.7,6.5,7.4,6.7,8.3,5.7,5.5,5.0,7.3,6.3,5
227482,6.0,7.4,6.2,7.0,6.3,6.5,7.6,6.4,6.9,6.7,8
227495,5.7,6.0,8.7,9.0,6.8,6.8,5.5,6.3,8.4,7.2,8
227497,8.0,6.2,8.6,7.6,5.8,7.5,6.0,8.5,8.0,6.9,8
227506,4.4,5.4,5.2,6.9,6.1,5.2,5.5,2.9,5.3,6.4,14
227518,7.7,7.3,6.0,7.8,3.9,5.0,7.1,5.8,6.7,5.0,8
227519,6.0,7.2,5.6,7.7,5.3,6.5,6.5,5.8,7.5,5.9,9
227522,6.6,4.5,5.0,5.9,0.3,4.0,6.0,5.0,3.7,0.4,9
227556,7.0,7.2,5.7,7.6,7.4,5.0,7.4,6.1,8.1,5.4,8
227584,7.4,7.9,8.2,6.6,9.3,7.0,8.1,8.1,7.6,7.2,8
227588,10.0,8.2,8.7,8.5,8.0,8.2,9.3,9.0,8.5,8.6,8
227590,10.0,7.0,8.8,8.2,8.2,5.9,6.8,7.0,7.0,5.2,8
227591,7.0,6.0,6.0,6.6,4.4,5.7,7.0,5.0,7.3,7.5,8
227601,5.3,5.0,6.7,6.0,5.7,5.0,4.6,5.0,5.3,2.6,9
227602,7.2,8.3,8.6,9.0,8.7,7.4,8.3,7.7,10.0,9.5,8
227607,3.3,5.0,5.0,5.5,5.0,3.0,3.0,1.6,4.7,3.6,13
227609,6.8,5.7,6.2,5.9,0.2,6.6,5.5,5.6,5.0,1.3,9
227620,4.3,4.4,3.3,6.5,7.0,5.0,5.3,3.5,5.0,6.9,13
227624,7.3,7.2,7.1,6.0,8.6,6.1,5.0,5.3,8.4,8.4,8
227636,3.5,4.1,5.0,5.0,6.7,2.3,4.5,1.2,4.0,5.9,11
227637,8.4,8.3,9.0,9.0,8.9,8.5,8.5,9.3,10.0,6.3,8
227639,7.1,7.6,7.8,7.4,6.5,7.0,5.0,7.0,10.0,7.0,8
227641,5.1,5.8,4.6,7.2,4.0,4.5,5.2,5.0,5.4,4.4,11
227654,0.0,5.4,6.8,7.9,8.6,1.9,0.6,1.7,1.1,1.3,13
227659,4.3,5.3,5.0,5.0,5.0,5.1,5.0,5.3,5.0,5.0,10
227665,3.4,3.0,5.2,4.1,3.5,5.0,5.9,5.7,7.3,7.3,10
227700,7.8,7.8,8.4,7.2,7.2,7.7,7.5,8.3,10.0,8.3,8
227703,4.3,3.4,4.2,6.5,5.7,5.4,7.4,1.6,6.4,2.4,11
227707,7.2,7.4,6.7,7.0,5.0,5.3,6.1,5.8,6.8,7.2,8
227712,4.4,5.7,5.0,5.3,0.9,6.3,6.1,5.0,5.1,6.6,10
227728,6.1,6.5,6.3,7.1,7.3,5.5,5.4,5.9,6.0,7.8,8
227735,3.1,3.9,5.0,6.4,4.6,5.0,6.3,2.1,7.4,7.8,10
227738,5.6,5.7,4.6,6.2,1.5,6.1,7.8,6.0,6.1,6.1,9
227742,5.0,5.0,4.6,5.0,0.4,3.1,5.0,5.0,6.7,3.7,12
227744,5.5,6.4,6.7,6.9,9.0,5.5,5.2,3.4,8.0,9.0,8
227746,7.2,7.7,6.6,6.7,6.6,4.5,4.4,4.6,7.5,5.1,9
227752,7.7,7.5,6.1,7.7,8.1,6.6,8.0,5.0,7.6,5.1,8
227753,6.3,5.4,7.2,5.0,7.0,5.7,3.6,5.8,5.3,7.2,9
227755,6.7,6.4,6.4,7.0,3.5,5.8,5.4,6.3,5.9,6.3,9
227756,7.3,9.0,8.1,6.5,7.9,5.4,7.4,6.8,8.3,5.0,8
227757,6.1,6.1,5.1,5.0,0.9,4.6,6.6,5.0,6.4,4.5,9
227765,8.0,7.9,7.6,8.8,3.0,8.1,8.0,7.5,10.0,6.7,8
227766,4.6,6.5,5.9,5.5,5.2,5.4,5.4,5.0,6.9,5.6,10
227769,7.1,7.8,7.4,6.5,7.7,7.0,6.5,5.6,7.2,5.4,8
227774,6.5,7.0,4.6,4.5,8.1,4.5,4.6,5.0,3.2,6.0,13
227775,4.1,5.5,5.1,4.0,1.5,5.0,5.7,3.9,3.6,8.0,11
227779,5.0,6.2,7.4,7.8,7.3,6.2,5.0,5.0,8.6,7.9,8
227792,7.2,7.0,6.1,7.6,6.6,6.1,7.8,7.7,8.6,6.5,8
227801,5.3,6.3,6.4,7.6,6.1,5.0,5.6,5.0,7.5,5.7,8
227805,8.2,7.6,7.4,6.6,6.0,8.0,9.0,7.9,9.0,6.9,8
227807,7.0,5.5,4.1,4.5,2.2,5.9,5.7,5.7,5.1,6.1,8
227816,9.0,8.2,8.2,8.6,9.9,9.0,9.2,9.2,7.9,6.5,8
227821,6.3,7.0,5.1,7.7,6.7,6.4,6.5,5.8,8.5,6.1,8
227823,6.0,6.6,5.8,7.2,7.3,7.4,7.9,5.0,5.7,5.2,8
227825,6.6,5.1,5.1,6.7,2.0,5.8,5.1,6.7,4.5,0.6,9
227828,2.4,3.9,3.5,5.1,3.8,4.6,5.1,3.2,5.8,5.0,12
227838,3.2,5.0,3.1,5.0,1.2,3.2,4.1,0.8,4.3,1.1,15
227855,6.6,7.0,7.1,8.7,4.0,7.5,7.5,7.3,8.9,5.9,8
227856,6.4,5.1,5.1,5.0,0.2,2.2,6.0,3.7,4.2,5.0,11
227857,0.0,4.6,5.0,5.0,0.0,1.6,5.7,1.4,7.0,0.3,11
227859,6.3,5.1,5.5,5.6,7.2,5.3,5.6,5.2,7.2,7.6,11
227871,6.0,6.3,6.4,8.1,7.6,6.2,5.6,5.9,6.1,6.1,7
227877,8.1,7.3,8.5,7.2,8.8,7.0,6.6,5.2,7.5,7.6,8
227878,7.1,5.2,6.4,6.4,7.4,6.1,5.6,5.0,7.5,7.6,8
227880,4.2,4.4,3.7,6.3,5.0,6.8,6.2,5.2,5.0,5.1,11
227887,5.6,6.1,7.1,7.6,3.2,6.7,5.1,5.0,7.7,5.2,8
227935,7.6,7.0,7.3,7.1,8.0,7.1,7.6,8.0,10.0,8.4,8
227942,7.8,8.0,7.3,6.0,6.0,5.7,5.5,6.3,5.3,5.8,7
227947,7.3,5.8,5.9,5.1,5.0,6.1,5.8,3.5,8.3,5.8,9
227958,7.3,6.0,7.7,8.5,5.9,7.0,6.5,5.3,7.6,5.0,8
227994,4.0,4.0,5.0,7.0,5.5,3.5,6.6,3.0,4.5,3.9,11
228005,6.2,6.6,6.7,8.4,8.0,6.6,7.2,6.3,10.0,7.3,8
228006,5.6,7.0,5.0,7.4,6.0,4.0,2.3,3.1,5.0,2.2,15
228015,7.2,8.0,7.2,5.0,7.4,6.1,8.2,5.0,5.9,7.6,10
228017,9.0,10.0,6.5,7.1,6.5,8.4,9.0,7.5,7.4,6.3,8
228018,3.8,5.0,5.0,5.8,4.3,4.4,3.7,3.9,3.9,3.3,10
228021,4.0,4.2,3.4,6.6,3.1,5.3,6.4,5.9,8.2,0.2,10
228027,7.3,5.2,2.9,5.8,6.9,4.5,5.9,3.0,4.5,7.1,10
228029,6.3,7.4,6.8,7.4,5.6,5.7,5.0,5.1,8.6,8.2,8
228044,6.0,5.2,5.0,6.7,4.4,5.2,4.0,2.3,5.0,2.1,11
228045,5.0,6.1,2.0,5.3,6.5,5.1,6.7,5.0,6.0,5.8,9
228046,7.2,5.3,6.3,6.3,9.4,6.0,4.1,2.9,5.0,5.0,11
228047,7.0,6.1,3.4,6.0,6.7,5.3,5.0,5.0,2.8,2.6,17
228049,2.7,5.6,5.0,5.6,5.0,3.5,2.6,1.6,2.8,0.4,17
228055,3.4,3.7,5.2,5.2,8.3,3.3,7.0,2.0,6.0,5.5,10
228060,7.0,7.7,8.1,6.5,7.5,6.2,5.9,5.0,5.7,2.4,9
228061,6.0,6.0,5.0,5.9,9.3,5.0,3.5,3.5,4.0,5.3,10
228063,6.1,5.7,5.2,6.8,8.2,6.4,6.1,5.0,6.0,6.8,10
228080,7.6,7.8,7.2,6.7,8.3,6.7,7.3,7.1,7.6,7.0,9
228091,6.6,6.4,6.6,7.6,7.7,7.0,6.0,6.8,7.1,6.7,8
228096,7.3,5.0,5.8,6.6,6.3,6.0,5.0,7.1,5.7,5.0,10
228099,6.6,7.0,6.3,6.3,7.3,5.0,4.3,5.0,4.5,2.2,9
228108,3.6,5.0,5.0,4.0,5.0,5.0,5.0,3.0,3.7,5.4,12
228122,5.0,6.1,4.0,5.9,7.7,5.8,5.0,5.8,5.8,7.7,11
228126,7.0,8.2,7.1,7.2,7.6,5.3,9.0,7.0,6.4,8.7,8
228128,7.6,6.5,7.5,7.8,5.0,7.0,6.3,7.1,10.0,6.1,8
228154,7.4,7.3,6.5,9.0,6.7,7.4,5.6,6.7,10.0,6.5,8
228158,7.4,6.2,5.0,4.3,4.4,5.5,4.8,6.5,5.2,1.6,11
228162,7.6,7.0,6.9,6.6,7.2,6.2,5.0,5.4,6.1,6.8,11
228164,6.6,6.5,6.8,5.8,7.5,5.0,8.3,6.5,5.0,6.3,8
228169,6.0,6.7,6.4,7.2,6.0,5.6,6.8,7.8,5.9,7.3,8
228179,5.8,6.4,5.8,6.5,5.0,6.3,5.0,5.0,6.0,5.7,10
228188,5.8,1.2,6.6,6.6,5.7,4.7,3.8,3.3,5.9,6.1,9
228190,5.1,5.0,1.0,6.4,7.4,5.0,4.5,1.2,5.8,5.2,9
228229,5.2,6.5,5.4,7.2,8.7,5.8,5.3,1.5,6.2,5.8,11
228242,5.6,5.4,5.0,6.9,7.5,5.9,6.8,5.2,7.5,5.9,11
228245,2.4,2.4,3.4,3.7,0.6,4.5,5.2,4.3,2.6,3.9,14
228246,5.7,5.6,6.1,6.2,0.9,7.3,4.0,5.0,5.5,4.7,8
228247,7.6,7.9,7.0,8.2,7.5,7.0,7.1,8.6,8.3,6.2,8
228260,7.5,7.1,6.3,4.3,0.1,5.0,8.2,6.6,3.8,3.2,11
228268,3.2,3.5,3.8,5.5,0.4,3.6,3.7,5.0,5.2,0.9,10
228281,5.7,5.8,5.2,5.0,5.2,5.8,5.0,1.6,1.5,2.5,10
228300,4.6,5.5,5.6,5.1,5.0,5.4,4.0,4.3,4.3,2.3,10
228315,5.0,5.4,4.3,7.1,6.1,5.7,5.3,4.1,8.4,5.8,9
228323,9.5,7.4,7.8,6.9,6.8,6.5,7.0,6.0,5.5,7.9,8
228324,5.2,5.0,5.0,6.2,6.8,5.0,4.5,3.9,3.4,6.7,10
228367,6.0,6.1,5.0,6.0,1.1,5.0,5.0,3.2,5.0,2.7,9
228371,4.6,5.2,5.5,7.3,7.4,5.0,7.4,3.3,4.5,8.3,14
228372,6.4,7.3,6.8,6.9,5.4,4.7,5.0,3.1,6.8,3.8,10
228375,5.0,5.5,5.0,7.4,7.0,5.7,3.1,3.3,5.0,3.7,12
228382,2.4,3.9,4.2,3.5,1.8,5.9,6.6,5.0,6.0,5.0,10
228383,6.1,6.4,5.5,6.9,7.4,4.5,0.0,0.0,3.6,7.1,13
228418,3.4,5.0,4.5,6.0,5.9,5.8,2.9,1.6,3.4,4.5,11
228432,5.1,5.6,4.4,5.2,1.7,5.4,6.8,6.4,6.2,5.0,12
228436,5.2,5.5,5.0,6.2,6.0,6.1,5.0,3.7,6.8,4.0,9
228439,7.3,6.5,7.1,8.2,8.3,6.0,5.9,6.7,8.1,9.7,8
228454,7.1,7.0,6.1,7.1,7.7,6.3,7.3,8.1,8.3,8.0,8
228459,5.0,3.8,5.9,5.5,2.9,5.2,3.4,3.7,4.2,1.7,11
228474,5.0,5.2,4.5,5.5,3.3,5.5,6.5,5.8,4.2,7.0,10
228488,5.0,5.2,6.9,7.1,3.3,5.5,6.5,3.1,8.7,8.6,9
228494,3.8,5.0,6.4,6.1,3.7,5.1,5.4,5.7,5.0,6.7,9
228504,3.2,5.9,5.0,7.7,0.4,5.0,5.7,3.3,7.0,5.0,13
228525,5.1,5.5,6.7,6.7,6.6,5.2,4.0,3.3,6.3,6.1,10
228529,7.0,8.0,7.7,7.9,6.1,6.4,7.2,5.3,7.7,8.1,9
228531,8.0,7.1,7.6,7.4,7.5,8.6,8.2,6.9,6.1,5.1,8
228532,5.5,5.1,3.9,4.5,4.6,4.5,4.1,3.3,5.0,6.8,9
228533,6.3,5.8,6.2,6.1,5.3,5.8,6.3,5.4,5.0,6.8,8
228535,6.7,7.5,6.7,6.7,7.4,7.9,7.8,6.5,8.6,7.2,8
228537,7.0,6.1,6.9,6.7,7.3,5.3,6.3,5.0,5.0,6.5,8
228563,2.9,5.0,6.0,3.8,1.1,6.2,3.8,0.2,3.1,3.2,12
228571,7.0,6.6,7.1,5.3,4.6,6.5,5.5,5.0,3.8,5.8,8
228573,6.6,5.5,6.6,5.3,0.6,5.9,5.1,5.0,5.8,0.2,11
228576,5.4,4.7,5.7,4.5,8.4,4.0,5.8,1.4,7.8,7.7,11
228581,7.3,6.7,7.6,7.9,8.2,6.8,7.0,6.9,8.5,9.0,8
228593,7.1,7.5,7.3,7.8,7.4,5.7,6.4,6.3,8.1,7.1,8
228599,4.4,4.3,5.3,5.3,5.0,4.6,5.1,6.2,5.8,2.9,12
228600,5.1,4.7,5.0,2.5,3.5,4.6,5.9,4.6,5.7,5.6,10
228601,3.7,5.9,4.6,7.5,4.5,5.0,7.2,6.1,5.4,6.7,10
228615,7.2,8.3,7.4,6.8,7.7,6.3,8.8,7.2,5.0,8.4,8
228623,5.3,7.1,6.6,6.6,2.8,6.5,6.8,7.1,6.0,0.0,9
228628,6.0,6.6,5.0,4.3,6.4,5.6,5.6,5.0,3.1,5.0,11
228629,4.0,3.3,4.5,6.5,7.0,6.0,5.0,5.7,4.4,4.1,13
228630,7.8,7.8,7.4,8.5,6.0,8.2,7.0,6.9,8.0,5.4,8
228631,4.6,5.0,5.5,4.4,0.6,5.9,3.8,5.0,3.8,6.2,12
228637,5.1,6.0,6.2,6.5,6.7,5.5,6.4,5.0,6.4,6.6,10
228660,5.0,5.0,4.3,7.1,3.5,6.4,6.7,5.8,7.9,5.2,10
228661,7.0,7.5,6.6,7.8,6.3,8.3,8.0,6.3,6.8,7.9,8
228663,6.6,5.0,5.0,8.0,1.2,6.4,6.8,5.1,7.4,5.0,10
228695,3.1,3.2,3.7,5.3,4.2,5.0,5.1,5.2,2.4,1.4,10
228708,6.0,5.0,5.0,6.2,7.2,4.0,4.8,3.8,5.6,4.3,11
228715,4.5,4.6,5.6,5.0,4.3,4.4,7.5,3.7,5.4,5.1,10
228718,4.6,5.7,5.0,6.7,0.5,6.5,5.6,4.8,7.0,5.0,11
228736,6.2,6.7,4.4,6.1,8.3,4.3,3.2,5.0,1.2,8.1,11
228745,7.5,7.1,6.5,8.4,8.7,6.1,6.8,7.1,7.0,7.6,8
228848,7.5,7.1,6.5,8.4,8.7,6.1,6.8,5.7,7.0,5.0,7
228880,7.2,7.0,6.1,6.3,5.0,6.1,5.0,8.3,6.8,6.9,7
228921,9.5,8.3,8.5,8.4,7.8,9.1,9.0,9.3,10.0,6.5,8
228958,4.5,6.0,5.6,5.8,3.3,3.7,3.5,1.0,6.7,5.0,11
228971,5.8,4.1,3.9,4.5,2.0,5.0,5.6,5.0,5.0,5.0,14
229011,5.2,6.6,7.0,5.1,7.0,6.4,5.3,5.4,7.5,8.3,8
229036,8.3,6.6,7.0,5.1,7.0,7.3,5.3,9.0,7.2,8.3,5
229037,6.2,5.9,5.0,4.1,5.0,5.2,5.0,3.6,3.6,5.6,13
229072,9.5,8.2,7.9,6.6,8.4,6.6,7.0,6.5,7.7,6.7,8
229108,7.1,5.9,7.9,8.6,7.5,6.2,9.0,8.1,8.9,6.0,8
229121,6.2,5.9,3.6,6.4,0.2,2.8,6.5,5.3,5.5,5.0,11
229137,7.0,9.0,8.5,6.8,7.6,7.0,9.0,8.4,8.7,7.1,8
229146,5.0,4.3,5.4,6.3,5.0,5.2,4.6,3.8,8.2,7.5,10
229148,5.0,4.2,4.3,5.7,6.2,4.0,3.1,5.1,6.4,1.8,10
229176,6.3,5.2,5.0,5.6,3.9,3.6,3.2,5.2,4.0,1.8,11
229180,6.3,5.2,5.0,3.5,1.9,7.0,6.3,4.2,5.4,0.0,12
229211,6.0,5.8,0.9,3.7,4.5,5.0,5.9,5.0,5.0,5.6,9
229242,8.5,7.8,8.5,9.4,9.4,7.2,8.5,8.0,10.0,8.0,6
229248,5.7,5.4,5.7,7.5,5.6,6.3,5.1,5.8,6.8,5.6,8
229262,5.4,3.7,1.6,5.2,0.4,5.1,5.1,5.7,2.8,5.7,10
229314,5.7,5.0,5.1,6.0,3.3,4.6,5.9,5.7,6.3,3.3,9
229368,4.0,5.1,5.6,5.0,4.6,4.2,3.3,4.6,5.7,6.9,8
229370,3.5,4.2,3.4,5.5,4.6,3.3,6.7,5.6,2.1,5.3,11
229380,7.0,7.4,7.4,7.6,6.9,7.0,8.8,6.4,8.1,7.9,8
229400,8.1,7.6,7.1,6.8,8.4,6.0,7.0,6.2,8.6,8.2,8
229423,7.3,7.7,6.1,7.5,5.0,5.7,7.9,5.7,7.3,5.3,8
229447,6.0,6.1,6.0,5.2,4.3,6.2,5.0,4.0,5.9,5.4,9
229451,4.2,5.5,5.1,7.4,5.0,5.8,4.5,3.6,5.2,5.0,9
229457,5.5,3.9,5.0,5.7,3.7,4.2,3.0,5.0,2.4,5.0,11
229635,6.3,7.0,6.8,6.8,7.1,6.4,6.8,6.4,7.8,5.6,9
229677,6.0,6.5,6.0,5.1,5.4,5.4,6.7,7.6,8.0,6.9,8
229691,6.2,6.0,5.3,6.2,5.0,8.0,7.3,6.4,6.3,8.8,8
229698,2.3,2.7,3.6,5.0,6.2,3.9,4.2,1.3,2.1,5.0,11
229736,7.2,6.0,5.2,7.1,5.0,5.7,5.6,6.4,5.7,2.7,9
229754,7.0,7.2,6.8,8.1,6.8,6.0,7.5,7.1,5.7,6.2,8
229759,2.3,3.9,4.2,5.2,3.3,6.1,6.5,3.5,6.8,5.2,12
229808,7.7,8.4,8.0,7.9,7.4,7.3,8.3,6.7,8.5,8.1,8
229821,7.8,6.7,7.9,8.2,7.8,7.6,7.0,7.4,6.9,5.0,8
229824,7.8,6.7,6.4,5.3,4.6,3.3,5.2,3.3,4.4,5.8,10
229827,6.0,6.3,7.3,7.2,8.8,6.7,8.5,7.2,8.3,7.1,8
229830,3.7,5.0,4.3,6.1,3.5,4.4,0.0,2.5,3.9,7.3,10
229857,6.3,6.4,6.9,7.0,7.6,8.2,8.5,5.0,8.2,5.0,8
229890,7.7,7.6,6.5,7.0,5.7,5.3,6.8,8.0,8.5,8.0,8
229911,5.0,2.2,2.5,5.9,8.1,3.1,5.5,0.0,0.1,5.7,15
229925,7.1,7.1,7.5,9.0,8.7,7.5,7.5,9.0,8.3,7.7,8
229926,7.4,7.8,7.2,5.2,6.9,5.1,6.4,3.5,6.5,4.0,11
229928,7.4,8.3,6.6,7.8,6.9,7.3,7.3,5.0,7.8,7.3,8
229972,2.4,4.4,3.6,3.7,2.3,3.4,5.4,3.4,3.7,5.7,16
229989,2.4,4.4,3.6,3.7,6.2,6.3,6.7,5.6,5.0,7.0,8
230006,9.5,7.2,7.5,5.0,9.1,7.8,5.8,7.5,7.1,8.4,8
230008,5.1,5.4,3.1,5.0,0.5,5.7,6.0,4.1,6.7,5.0,10
230066,6.4,7.8,6.9,7.8,6.8,6.3,7.2,6.4,7.8,6.2,8
230149,6.4,7.8,6.9,7.1,7.8,6.3,5.8,5.6,8.4,6.2,5
230157,4.4,6.2,5.3,6.1,5.5,3.2,4.3,3.3,6.6,6.9,9
230159,7.0,6.5,6.1,7.0,8.2,6.1,6.4,5.7,6.0,6.2,8
230188,6.5,7.9,7.1,6.3,7.2,5.0,5.0,5.0,7.6,6.3,8
230199,8.0,8.5,7.2,8.2,8.5,7.0,8.6,8.4,8.9,9.6,5
230248,7.2,5.7,6.3,7.4,5.3,5.0,5.4,5.0,6.7,5.6,10
230268,7.2,5.7,6.3,6.8,7.7,5.0,5.0,5.8,8.4,5.6,8
230302,5.8,5.0,5.5,6.3,1.0,5.2,5.5,5.1,5.7,5.3,9
230310,6.2,7.0,5.0,6.5,8.3,5.7,6.7,5.0,8.8,5.3,8
230313,5.3,5.4,5.3,6.4,2.2,6.0,5.9,5.0,6.0,7.6,8
230356,4.1,5.2,5.2,6.3,5.0,6.7,5.4,5.0,8.5,5.3,9
230459,4.1,5.0,2.9,6.4,8.1,5.0,3.2,4.1,5.5,5.3,15
230474,4.1,5.0,10.0,8.2,8.1,5.0,3.2,7.4,8.8,9.4,9
230520,4.1,5.0,10.0,8.2,8.1,2.1,5.1,6.1,5.3,5.1,13
230662,3.8,5.7,5.0,5.9,6.7,6.1,4.0,3.8,6.4,7.0,9
230666,7.7,7.8,7.0,7.0,5.3,8.3,7.3,7.9,8.5,6.0,8
230684,7.7,7.0,8.5,7.8,6.2,6.3,6.0,5.2,8.4,6.9,7
230686,8.3,9.5,8.3,7.1,7.4,8.0,7.7,8.0,7.9,8.8,8
230772,4.4,5.2,6.0,7.9,6.9,5.0,2.3,3.5,7.4,4.1,11
230843,6.0,7.0,8.4,7.9,7.3,6.1,5.7,3.5,3.6,6.8,10
230878,5.3,6.2,4.4,5.2,1.7,5.2,4.8,5.2,5.1,2.0,10
230933,7.4,6.4,6.4,6.4,5.6,6.7,4.0,4.5,6.8,5.0,9
230939,3.4,5.7,5.8,5.0,5.3,5.0,4.3,4.0,7.2,3.7,11
230992,6.4,6.3,6.3,6.8,6.4,5.5,5.0,6.1,6.7,5.5,10
231048,6.2,5.6,6.6,5.5,0.2,7.3,7.0,6.8,5.0,4.2,9
231202,5.5,4.7,5.3,5.3,0.7,4.2,8.1,6.1,6.2,2.9,9
231325,5.4,2.9,5.0,5.9,6.4,4.1,4.6,3.0,4.4,4.7,14
231371,7.8,7.5,7.3,7.0,8.4,5.7,8.1,7.9,7.2,5.1,8
231418,5.0,4.3,3.8,4.3,0.0,0.0,5.6,0.5,3.0,5.3,13
231419,5.6,8.1,5.0,7.3,7.0,8.0,7.7,6.1,6.7,7.3,8
231441,6.0,4.1,5.3,5.1,4.0,5.4,7.2,5.3,4.2,7.3,9
231745,6.4,5.4,6.2,7.0,6.5,5.2,5.4,5.3,5.7,5.4,5
231991,8.2,7.6,6.1,5.0,5.0,6.3,6.8,7.1,8.6,7.1,8
232054,7.0,5.9,6.3,5.0,5.0,6.0,7.2,5.0,5.0,5.9,8
232094,6.6,6.4,6.6,6.3,5.9,6.3,5.8,6.6,7.2,8.0,8
232124,2.2,1.4,5.0,3.5,2.8,6.3,0.0,2.0,3.7,5.0,10
232234,4.2,5.0,4.7,3.8,4.4,6.7,6.2,5.0,8.1,6.6,12
232235,6.7,7.1,5.7,4.3,5.7,6.4,7.3,5.8,6.9,5.5,8
232248,3.1,4.3,3.0,4.2,1.5,4.4,5.4,1.0,5.0,5.0,14
232295,3.1,5.7,3.0,4.2,1.5,3.2,5.7,4.0,5.1,4.2,11
232333,5.5,5.0,0.3,5.6,1.6,0.0,4.2,3.2,5.0,6.2,14
232335,5.4,4.6,4.4,6.3,6.2,5.0,5.3,5.3,5.0,4.3,10
232338,5.7,5.9,5.0,0.0,2.6,5.1,3.3,5.8,6.3,5.0,10
232347,4.5,5.4,6.1,5.8,2.7,4.6,4.1,4.2,0.8,1.1,13
232351,5.8,6.0,5.3,6.8,5.2,6.0,5.8,6.4,5.0,5.0,10
232356,5.0,5.1,4.7,6.1,0.8,4.4,4.8,4.0,5.2,5.7,10
232372,6.4,6.3,5.0,4.0,0.3,6.2,6.1,0.1,1.7,5.5,14
232393,7.0,6.6,6.2,8.0,4.4,6.7,6.1,6.2,8.4,8.5,5
232499,7.2,7.7,9.0,9.0,7.8,5.8,5.5,6.5,10.0,8.6,9
232526,5.8,5.0,5.3,6.0,5.6,5.0,7.8,5.0,6.6,6.4,9
232636,5.0,5.8,6.8,5.3,5.5,5.0,5.1,4.2,3.2,5.2,15
232677,5.5,7.1,5.6,5.8,7.9,5.3,5.0,4.3,3.5,6.5,10
232679,4.1,5.9,4.3,5.0,0.3,6.5,4.5,5.0,4.5,5.8,10
232772,6.6,4.4,4.6,6.2,4.0,6.1,5.4,0.4,6.3,7.8,10
232879,4.5,6.7,5.6,5.5,5.3,5.8,7.4,5.2,6.8,6.6,8
232924,7.0,6.7,5.6,5.5,5.0,5.2,7.4,5.2,8.7,2.2,13
232965,2.2,1.1,2.0,5.0,7.5,4.1,0.0,5.7,7.3,5.8,10
232981,3.6,1.9,2.9,5.5,1.5,5.3,5.0,5.3,3.2,6.1,12
233021,5.0,6.5,6.2,4.5,4.1,5.1,2.2,2.6,4.5,4.3,9
233142,7.2,5.0,5.1,6.3,5.6,5.2,5.3,5.0,7.6,7.0,8
239827,7.2,5.0,5.1,6.3,5.6,5.2,5.3,5.9,7.6,5.5,9
239828,7.2,5.0,5.8,6.3,5.6,5.2,5.3,5.9,7.6,7.5,8
239829,5.4,5.0,5.8,6.3,5.6,3.3,5.3,2.1,5.0,7.5,15
239830,5.4,5.0,5.8,4.1,5.6,3.3,5.6,1.8,5.0,7.3,11
239834,6.3,5.0,5.8,4.1,5.6,5.0,4.6,3.8,6.6,6.5,11
239835,6.3,5.0,6.3,4.1,5.6,5.0,4.6,5.0,6.6,6.5,8
239836,6.3,5.0,6.2,4.1,5.6,5.0,4.6,6.7,6.6,6.5,8
239837,6.3,5.0,6.2,4.1,5.6,5.0,4.6,3.6,4.2,6.5,9
239838,6.3,5.0,6.2,7.2,7.7,5.0,4.6,3.6,4.2,6.5,8
239839,6.3,5.0,6.2,7.2,1.6,0.0,4.6,3.6,4.2,2.7,8
239844,6.3,3.8,6.2,7.2,1.6,0.0,3.8,5.0,5.5,2.7,11
239846,6.3,3.8,6.2,7.2,1.6,0.0,3.8,6.9,5.5,8.4,8
239847,5.0,3.8,6.2,7.2,1.6,5.0,3.8,5.7,5.8,8.4,9
239893,5.0,3.8,5.0,7.2,1.6,4.1,5.0,3.9,4.3,5.6,10
239962,5.0,3.8,5.0,7.2,1.6,4.1,5.0,5.6,4.3,7.7,10
242655,5.0,3.8,9.0,8.4,1.6,4.1,5.0,8.8,7.0,8.0,6
242722,5.0,6.8,9.0,6.3,7.3,7.2,8.2,8.8,5.0,8.0,13
243019,5.9,6.4,4.3,5.1,5.5,5.0,5.4,2.7,5.9,8.0,15
243044,5.9,6.4,4.3,8.1,10.0,6.4,5.4,2.7,7.6,5.0,7
243050,6.2,7.2,6.0,3.6,8.3,8.0,7.1,7.7,7.6,8.0,8
243124,5.6,7.0,5.3,5.7,7.9,6.0,9.7,7.3,6.6,9.4,8
243136,5.0,6.2,3.4,1.5,5.5,6.3,4.0,2.8,5.0,7.3,10
243182,6.1,7.8,7.3,7.3,7.5,6.9,8.0,8.2,6.6,7.6,7
243200,6.1,7.8,7.3,7.3,7.5,5.0,7.2,6.1,5.0,7.6,9
243205,7.1,7.7,6.5,6.5,7.6,7.4,7.7,7.2,6.9,7.6,8
243241,6.9,6.5,5.6,5.1,6.5,7.1,7.0,6.1,5.3,6.7,9
243262,6.5,6.8,6.2,6.7,6.6,6.7,7.1,5.4,6.8,7.9,7
243368,6.4,6.7,5.8,7.0,6.0,8.0,7.0,6.7,8.1,7.4,7
243374,6.4,6.7,5.8,7.0,6.2,5.4,7.0,5.4,8.1,6.3,7
243413,6.4,6.7,7.0,7.0,6.2,5.4,7.9,5.3,5.8,6.3,8
243436,6.6,7.0,7.0,5.6,7.9,7.0,7.2,7.3,7.0,8.2,8
243442,6.6,4.3,7.0,5.0,4.2,5.8,5.0,5.6,5.8,8.2,9
243454,5.7,5.8,5.4,6.7,6.5,6.3,5.8,6.1,7.2,8.1,8
243538,6.0,4.2,4.6,2.8,4.6,5.0,5.0,5.5,5.3,5.7,11
243543,5.5,5.1,3.6,4.3,8.4,5.5,5.0,5.3,5.6,5.7,11
243546,5.9,7.5,5.6,5.2,6.0,5.1,6.4,6.1,6.7,6.9,6
243556,7.0,7.8,6.1,5.4,7.4,6.0,7.0,7.4,7.4,6.5,8
243572,5.5,5.0,5.0,5.3,6.7,5.0,5.8,5.0,5.7,6.1,13
243582,6.9,7.4,6.0,0.0,7.1,7.1,7.1,6.5,6.1,5.5,9
243584,5.8,4.3,5.3,5.0,0.0,5.9,5.3,4.6,5.4,5.4,11
243666,6.7,9.0,6.1,7.3,7.4,7.4,8.1,5.4,6.9,7.4,8
243681,5.3,5.8,5.6,3.7,7.9,5.0,2.8,1.0,3.4,5.2,15
243702,5.6,5.8,4.3,6.0,6.9,5.0,6.5,3.6,7.1,6.6,9
243721,5.4,5.5,3.8,4.3,4.0,5.6,5.0,6.5,7.3,5.3,10
243737,8.1,8.6,8.4,8.7,8.3,9.6,8.6,9.5,10.0,7.4,8
243740,5.4,7.3,5.0,5.0,7.0,5.9,6.8,5.6,5.2,6.3,8
243748,6.5,7.0,5.0,5.4,7.5,5.9,5.3,2.6,5.3,5.6,10
243759,7.1,7.8,6.7,5.1,8.4,8.1,7.0,8.5,7.5,7.5,8
243768,5.9,7.0,5.8,5.5,5.6,5.7,6.1,2.6,5.5,7.0,10
243773,7.3,7.2,6.5,7.7,8.2,7.8,7.4,7.3,10.0,8.1,8
243776,8.2,9.0,8.4,8.6,8.7,9.2,9.4,9.2,8.4,8.0,8
243777,6.2,7.2,6.6,5.7,6.6,6.8,5.7,4.0,5.1,4.6,10
243832,5.6,7.0,6.4,5.5,5.9,5.1,5.0,3.6,5.6,6.2,10
243863,5.0,5.6,5.6,5.0,3.6,6.1,5.2,5.4,5.7,5.0,8
243865,7.5,7.8,7.5,9.8,7.2,7.3,9.3,8.6,10.0,7.6,8
243899,5.9,6.4,4.3,7.5,5.0,5.7,5.6,5.0,5.7,5.7,9
243929,6.4,8.4,7.1,7.2,5.2,7.0,8.0,6.9,7.0,6.3,8
243959,6.0,4.7,4.0,6.1,7.4,5.4,5.2,5.5,5.0,6.2,8
243969,5.0,5.0,5.5,5.0,5.0,4.5,5.1,3.1,4.6,2.8,14
243979,5.9,5.3,5.7,2.9,6.4,6.0,5.9,2.1,4.6,5.1,12
243985,3.3,1.6,4.7,3.8,8.3,5.5,5.5,0.9,6.5,8.5,9
243988,6.5,6.8,6.1,7.3,9.0,7.1,7.6,5.2,6.1,8.4,10
243993,7.6,8.2,6.2,0.0,9.0,8.0,7.4,8.0,7.9,5.2,7
243999,6.9,7.9,7.2,8.1,8.7,7.5,8.2,6.3,8.1,6.5,8
244002,6.7,3.4,5.5,5.0,6.5,7.2,6.3,5.6,10.0,5.8,11
244005,7.2,7.6,5.9,6.2,7.2,7.9,8.0,7.1,7.3,6.2,8
244012,5.3,5.0,5.4,3.7,6.2,7.7,5.9,5.0,5.8,7.5,10
244032,7.9,8.2,8.0,8.4,9.0,9.0,9.5,8.5,10.0,9.2,8
244041,5.9,7.8,5.7,8.3,6.9,5.4,5.8,6.8,6.2,6.1,9
244049,8.1,9.5,7.8,7.7,9.1,8.5,9.5,9.6,7.8,8.6,8
244074,6.6,7.7,5.0,6.8,7.4,5.4,6.1,3.2,5.7,9.0,9
244077,5.0,5.6,6.7,5.0,7.5,5.6,4.3,4.1,4.4,8.3,11
244090,6.7,5.6,5.4,5.0,8.3,7.0,6.7,7.7,7.1,6.7,9
244095,4.2,5.5,5.7,3.2,5.7,5.8,6.4,2.8,7.4,6.0,10
244106,8.5,8.3,7.9,7.6,7.9,8.4,8.4,9.4,8.4,7.0,8
244109,6.3,5.0,6.3,6.1,7.4,7.0,6.4,8.4,6.3,5.6,10
244113,6.1,5.2,5.0,4.2,0.0,6.5,5.3,6.0,3.3,5.9,10
244117,5.0,5.2,1.9,4.7,1.9,5.1,5.1,3.2,7.0,6.4,13
244119,5.2,7.2,5.1,6.0,0.6,6.6,5.6,3.6,6.1,6.4,10
244129,8.0,7.8,8.1,7.6,9.3,9.3,9.2,9.1,10.0,9.3,8
244140,3.5,2.4,2.6,3.0,5.2,5.2,6.3,5.0,7.7,6.6,10
244141,4.2,5.0,3.0,5.0,5.6,3.6,4.7,1.3,3.1,1.3,14
244149,4.5,5.0,5.9,5.7,7.0,5.2,6.4,5.0,6.2,6.8,9
244150,7.0,5.4,6.1,6.5,5.2,6.1,7.1,7.4,8.0,5.7,8
244151,6.3,7.1,5.1,5.4,5.0,7.0,6.0,6.4,6.7,6.4,8
244194,8.0,5.3,5.8,5.2,4.3,7.3,7.7,6.9,8.3,5.0,8
244208,4.6,6.6,4.1,5.0,1.9,6.9,6.8,5.0,6.9,1.6,11
244235,6.7,8.7,6.8,5.1,8.4,7.4,7.3,8.7,8.4,9.2,8
244236,5.4,4.1,4.4,5.3,7.3,8.0,7.8,6.4,6.9,7.4,9
244252,5.3,5.0,5.0,3.4,0.0,6.6,6.7,5.8,6.5,8.0,8
244262,4.5,5.6,3.5,0.0,0.2,5.1,5.6,5.7,5.2,5.1,13
244279,4.7,6.0,3.9,3.6,4.4,5.4,5.1,2.2,3.6,3.9,10
244287,6.3,6.1,5.0,4.2,6.0,6.1,6.8,6.8,6.9,5.8,9
244289,7.0,9.0,7.4,5.3,8.5,6.5,8.3,7.0,8.3,8.5,8
244290,3.9,5.0,3.8,3.9,4.1,5.6,6.1,2.5,7.9,6.8,11
244300,8.0,7.0,6.8,7.4,7.8,6.4,7.2,9.1,7.6,8.1,7
244339,6.2,5.5,5.7,5.7,0.0,5.1,4.4,3.1,3.5,5.0,11
244340,8.1,8.5,7.8,7.7,8.1,8.2,8.3,7.6,8.9,8.4,8
244342,6.6,7.1,5.4,6.1,6.4,8.0,5.6,6.1,5.5,5.8,11
244343,6.9,7.7,6.5,6.6,8.4,6.8,6.6,7.6,7.9,8.2,8
244364,5.9,5.3,5.0,5.0,5.5,5.6,5.2,5.7,5.4,6.7,9
244377,4.5,5.3,5.9,5.1,5.4,7.5,5.0,6.2,5.1,7.8,10
244379,7.2,8.3,7.8,8.0,9.0,7.1,9.0,8.7,7.0,9.1,8
244391,6.0,5.5,5.2,3.0,7.8,3.8,5.0,7.2,5.4,5.5,11
244406,6.6,7.7,6.5,5.9,7.5,7.6,8.2,6.9,7.7,6.4,7
244455,6.9,7.8,7.2,7.0,9.0,7.8,8.0,7.1,7.8,7.2,8
244457,7.0,6.7,5.1,5.7,7.9,7.0,6.2,7.9,6.8,6.0,8
244458,6.2,6.6,4.2,5.1,7.4,7.0,5.7,5.9,5.8,5.8,10
244468,4.7,5.6,5.4,4.3,7.0,4.1,5.0,3.5,5.1,5.2,14
244483,5.2,5.4,5.7,2.6,5.7,7.8,5.4,5.0,7.1,6.4,9
244495,5.3,6.7,6.9,4.6,7.0,5.5,7.4,4.0,5.3,7.7,9
244517,4.3,5.0,5.4,5.6,6.6,3.8,6.3,5.0,6.0,7.2,10
244530,3.6,5.5,3.5,1.9,2.6,5.4,5.0,2.3,4.7,3.0,15
244531,5.8,7.1,6.1,6.0,5.6,7.2,7.8,6.0,7.1,5.0,8
244533,6.7,7.0,6.6,4.3,7.1,6.1,6.6,8.1,7.1,5.0,10
244535,7.6,8.6,6.6,5.0,8.2,8.2,7.7,8.5,7.1,9.1,8
244575,7.2,6.2,6.0,7.0,7.3,6.7,7.6,7.7,8.1,8.3,8
244596,5.8,5.0,5.8,5.0,5.0,5.8,5.7,6.0,5.6,7.9,9
244626,5.5,6.1,5.4,6.4,3.2,6.2,6.0,6.2,6.3,7.8,8
244648,9.5,9.5,9.0,8.1,9.0,9.3,9.6,9.0,8.9,9.7,8
244651,6.9,7.3,6.2,3.9,7.5,6.5,7.0,5.0,7.0,6.7,10
244653,6.8,8.4,5.5,6.5,7.3,6.6,8.0,5.9,8.9,7.6,9
244663,4.3,6.0,3.9,3.2,5.4,6.9,6.8,5.0,5.5,5.0,14
244698,5.0,5.7,6.1,5.0,9.3,5.0,5.0,5.2,5.6,6.0,10
244702,6.5,5.0,5.0,5.6,6.9,5.3,6.5,5.4,8.2,5.3,8
244703,6.2,6.1,5.2,6.3,7.0,7.0,5.0,6.6,7.5,6.0,8
244705,7.3,7.0,5.9,8.0,7.9,6.8,6.0,8.4,7.7,5.5,10
244708,5.1,6.0,5.1,7.4,5.7,7.0,6.7,5.5,7.2,5.9,8
244725,1.9,2.0,0.9,3.6,0.1,2.5,4.0,1.0,5.8,7.0,15
244738,1.9,2.0,0.9,3.6,0.1,7.4,6.6,5.5,5.9,0.0,8
244746,5.0,4.2,2.7,2.9,4.5,3.9,3.0,6.2,5.5,5.6,12
244753,5.0,7.4,5.1,7.0,7.5,5.9,7.1,7.4,7.3,7.8,7
244785,5.9,6.4,5.9,7.2,6.6,5.7,5.4,2.8,4.5,5.9,13
244802,4.5,5.8,3.4,3.7,7.7,4.8,0.0,5.0,6.4,6.5,9
244840,6.0,5.3,5.7,3.7,5.4,5.5,5.7,2.8,6.7,5.6,10
244843,7.1,7.0,6.5,5.8,6.6,7.1,7.1,7.9,6.7,7.6,7
244844,5.1,5.3,5.0,3.9,2.1,7.4,4.1,5.0,7.7,5.1,11
244846,5.0,5.4,5.7,4.1,5.8,5.6,4.3,2.5,5.4,7.9,11
244848,7.1,7.3,5.5,5.6,7.3,6.2,7.8,5.8,6.8,6.4,8
244852,5.5,6.7,6.2,5.5,0.8,8.3,6.2,7.8,6.7,5.0,8
244867,6.1,5.4,5.8,7.0,5.9,6.2,6.5,5.1,8.8,5.4,9
244868,9.0,5.6,5.8,2.6,7.5,6.6,7.3,7.8,7.8,8.7,9
244886,6.3,6.3,2.4,5.5,5.5,5.0,4.5,5.3,5.2,5.0,11
244888,5.0,5.1,4.0,5.5,7.3,5.4,5.0,5.0,6.5,5.0,15
244891,6.0,8.3,6.4,6.1,6.0,6.8,7.0,7.6,5.9,5.3,8
244892,6.3,5.8,7.3,7.3,7.7,6.1,5.0,5.8,6.4,8.8,13
244905,5.6,6.8,2.4,3.5,4.7,5.9,5.3,5.0,7.6,6.2,10
244937,6.3,5.4,5.0,5.0,6.5,6.5,6.0,6.7,8.5,7.7,11
244971,5.6,6.2,6.1,5.1,6.2,6.1,6.2,7.9,6.9,6.2,8
244985,6.3,7.4,5.6,5.1,5.5,7.1,7.0,5.1,6.8,5.8,8
245004,7.2,9.0,5.7,5.7,7.9,7.2,6.5,6.7,6.0,6.3,7
245017,8.9,7.4,6.0,6.5,8.0,9.3,8.7,8.4,6.5,5.4,9
245074,6.4,7.6,7.5,8.1,9.2,7.6,7.9,6.7,6.8,9.4,8
245077,6.5,3.9,4.1,5.7,5.4,6.1,5.2,4.0,7.0,8.2,13
245084,5.2,4.5,5.1,6.2,1.0,5.2,0.0,2.9,3.4,1.2,14
245086,6.4,5.3,6.9,6.3,7.5,7.2,5.8,6.0,7.6,5.8,7
245087,7.7,8.7,7.6,7.0,7.7,7.0,8.6,7.8,6.5,6.8,8
245110,6.1,6.0,5.8,5.7,7.6,6.8,5.3,8.5,7.7,8.5,8
245113,5.0,4.5,3.7,5.0,5.1,5.0,4.5,1.1,6.0,2.4,11
245121,5.5,5.3,5.4,4.4,6.0,0.0,7.8,5.1,5.1,5.8,9
245127,6.2,6.6,3.7,5.8,8.0,6.2,7.6,6.8,7.2,7.0,8
245132,5.3,5.3,5.3,4.0,7.2,5.7,5.0,5.0,5.4,5.2,12
245137,6.7,7.1,5.0,5.5,7.5,5.2,8.1,7.2,7.6,6.0,8
245150,6.8,7.1,7.4,9.0,9.2,8.1,7.6,7.7,10.0,7.0,8
245168,5.4,4.2,5.1,4.2,5.1,5.5,7.0,6.2,5.6,6.4,9
245174,7.2,6.7,7.4,6.8,8.0,7.1,8.6,5.5,7.5,8.3,9
245176,6.5,7.4,6.2,7.2,7.5,6.7,7.6,5.0,6.5,6.2,10
245181,4.1,6.3,3.1,5.0,6.5,4.6,4.3,3.4,4.3,3.1,13
245190,5.6,7.1,6.0,6.2,9.1,7.7,8.4,5.8,8.5,8.4,7
245195,5.6,7.5,5.4,5.0,5.6,6.7,8.1,5.9,5.7,5.6,8
245208,2.8,5.6,5.7,5.0,6.7,3.0,5.6,3.7,6.6,6.5,10
245213,5.7,5.1,4.3,5.0,5.1,5.7,6.6,3.6,7.3,6.1,11
245214,6.6,7.0,5.0,6.5,5.6,5.2,5.7,7.3,5.3,1.3,9
245218,7.0,7.0,6.5,6.0,7.6,7.6,7.5,7.7,6.6,6.0,10
245219,4.6,6.5,6.1,4.5,4.2,6.0,7.0,5.7,6.8,5.0,10
245221,5.1,7.2,5.4,5.0,6.4,6.7,5.4,5.0,5.4,6.8,9
245229,6.1,5.3,4.7,3.2,4.0,6.1,5.1,5.4,6.6,5.7,11
245234,5.3,4.5,4.8,5.3,6.1,6.4,6.2,3.4,3.5,7.8,10
245235,7.4,7.4,7.3,7.3,9.0,8.1,8.7,6.7,8.0,5.9,8
245240,6.7,6.4,6.2,7.5,7.5,8.6,9.5,9.1,8.4,7.1,7
245308,5.6,7.5,5.6,5.8,0.0,5.3,5.8,3.8,3.7,5.0,12
245314,6.7,8.0,6.6,6.8,7.2,6.6,7.0,8.1,7.3,6.4,8
245316,3.8,6.3,4.4,2.9,0.6,6.0,5.1,2.8,5.9,6.4,11
245322,10.0,8.5,8.5,9.7,8.4,7.2,9.2,8.0,10.0,8.3,8
245332,6.1,8.2,7.0,8.0,7.9,7.0,7.9,7.9,7.7,6.0,8
245335,5.1,6.8,6.2,5.8,5.3,5.9,5.0,5.1,5.0,5.0,14
245344,8.3,7.0,6.2,6.7,8.0,8.0,5.7,7.5,7.8,9.0,7
245359,0.0,5.1,5.3,5.8,5.2,5.0,4.0,2.5,5.0,3.4,13
245360,5.1,4.7,5.2,4.2,5.6,1.7,6.7,5.5,0.4,5.4,10
245369,5.5,5.4,5.0,5.0,5.7,7.0,5.2,5.6,5.0,6.5,9
245372,7.5,7.7,6.7,5.7,7.8,8.1,7.6,7.0,5.6,7.6,7
245373,8.2,8.7,7.8,6.2,7.0,7.6,8.4,6.7,6.3,7.4,8
245374,6.4,7.2,6.8,5.6,0.8,5.9,5.8,6.9,4.6,6.1,10
245375,7.3,6.5,6.6,5.7,7.1,7.2,7.9,5.0,5.5,8.4,8
245377,5.2,6.6,5.8,5.0,6.7,7.0,6.8,7.0,6.1,6.0,9
245393,7.5,6.2,6.3,6.0,5.3,6.4,5.7,5.8,5.9,5.1,9
245394,5.2,8.4,6.2,5.5,4.0,3.7,7.8,6.2,7.0,5.4,10
245395,5.4,6.8,5.4,2.8,6.1,3.1,5.3,5.1,7.7,6.2,9
245401,5.8,7.9,7.5,5.6,7.2,6.0,5.9,5.0,6.4,9.0,9
245402,6.6,8.5,6.8,9.0,8.4,6.6,8.3,6.6,8.6,9.1,8
245403,7.8,8.3,5.8,5.9,7.5,6.8,7.4,7.9,5.5,6.4,8
245404,6.5,7.9,5.4,4.4,8.1,7.0,7.2,7.3,7.4,5.9,10
245405,6.7,7.6,4.1,6.0,0.0,7.0,7.1,5.3,6.7,5.0,8
245406,5.0,4.7,5.0,4.4,0.0,5.9,6.5,3.7,4.7,5.8,10
245407,6.7,6.5,1.8,5.0,6.2,7.5,6.1,6.5,6.4,5.6,10
245410,5.3,4.5,4.5,4.5,5.0,6.6,5.5,5.0,6.7,3.0,12
245418,0.0,6.1,2.9,6.1,7.8,5.5,5.5,7.3,5.5,7.0,9
245440,6.3,7.4,5.0,6.0,5.6,6.0,5.9,6.1,6.1,5.3,10
245443,7.0,7.0,5.7,5.0,7.6,6.6,6.8,5.0,7.2,7.7,12
245445,8.6,8.5,7.8,6.7,8.5,6.4,7.9,6.7,7.6,5.8,5
245447,4.0,6.6,4.4,5.5,2.5,4.0,6.3,4.1,4.7,0.9,9
245451,6.9,7.3,7.3,6.3,6.5,7.4,7.3,6.0,7.7,6.7,8
245453,7.7,7.6,6.5,5.3,7.6,6.7,6.7,5.0,7.4,7.1,8
245462,5.6,6.7,5.9,8.3,7.9,7.7,5.6,5.0,5.7,5.8,9
245473,5.9,6.5,5.3,4.1,4.2,6.8,6.0,4.1,6.1,3.0,11
245474,6.2,6.6,6.7,2.9,7.0,6.6,6.5,6.5,6.5,5.0,8
245476,6.2,6.2,5.3,5.0,7.0,5.8,7.0,6.1,5.5,6.7,8
245486,6.3,7.1,5.0,7.1,7.1,6.1,8.2,6.2,6.8,7.5,8
245505,5.8,5.7,6.2,6.3,7.2,6.1,7.0,5.9,7.2,8.7,7
245516,6.3,5.9,6.3,5.4,7.1,6.0,6.2,5.0,6.8,5.4,9
245517,7.1,7.1,5.3,5.2,6.7,5.1,6.4,5.0,5.7,5.2,8
245520,7.0,7.9,6.2,6.8,5.6,6.6,7.0,5.7,6.8,5.0,8
245521,5.2,4.3,5.6,6.1,2.6,7.0,6.3,3.9,6.7,7.9,12
245553,7.1,6.5,3.7,5.7,7.0,7.0,6.6,5.8,7.9,5.1,9
245554,5.3,5.0,5.0,5.6,0.1,5.0,5.0,5.0,6.6,5.7,10
245556,5.5,5.9,3.7,5.8,4.5,6.3,6.1,5.0,8.4,6.2,10
245561,5.0,5.4,4.4,6.0,6.1,5.8,3.5,5.0,5.1,4.9,10
245563,4.1,5.0,3.0,5.3,5.1,6.2,4.3,1.7,6.9,3.2,11
245564,6.8,7.2,5.2,5.9,6.7,7.8,7.9,8.5,5.7,7.4,8
245568,6.1,6.7,6.4,7.0,7.0,5.0,5.0,5.0,7.9,6.0,10
245590,7.4,7.0,6.2,7.0,8.7,6.7,7.5,6.6,7.8,8.0,8
245591,6.1,4.4,5.5,2.5,4.3,6.3,5.8,5.1,8.0,5.7,11
245601,5.6,5.1,5.1,5.2,4.5,5.9,5.0,5.6,6.8,7.3,11
245605,8.1,8.7,8.4,9.0,9.3,8.1,9.2,8.4,7.7,8.7,8
245607,8.4,7.1,7.2,5.3,8.4,6.3,6.5,7.1,7.5,7.7,5
245619,7.5,7.4,7.5,6.9,7.7,7.3,7.9,6.8,8.5,8.0,8
245620,6.0,6.6,3.2,3.6,4.0,6.0,6.3,5.0,6.6,6.9,12
245621,5.8,7.1,5.5,6.0,0.0,5.1,6.0,5.0,6.9,5.6,7
245624,6.0,7.7,6.9,5.2,7.3,6.6,6.7,7.3,8.4,9.0,8
245633,5.2,4.5,3.6,4.0,5.4,4.0,5.3,5.3,5.4,5.0,11
245635,6.2,6.3,4.0,4.5,1.7,6.7,5.6,5.0,5.7,5.0,12
245636,9.1,10.0,8.6,9.1,9.1,9.0,8.4,8.5,8.9,7.1,8
245638,7.2,8.1,7.0,5.8,8.0,7.4,7.6,6.9,7.7,8.1,8
245639,7.0,8.2,6.7,6.6,7.9,6.4,7.0,6.0,7.1,7.5,8
245640,6.6,6.5,6.6,6.0,6.2,7.0,7.9,7.3,8.7,7.5,7
245643,5.3,5.1,5.0,5.0,2.0,5.3,5.9,5.0,5.0,3.5,12
245648,5.7,6.0,6.9,6.8,7.6,5.2,5.0,5.2,6.5,7.7,8
245649,6.5,7.0,6.0,7.8,6.4,6.0,7.1,5.0,5.6,6.4,8
245654,6.0,7.0,5.2,6.6,4.3,6.4,6.0,3.2,7.8,5.9,8
245663,5.5,7.8,4.2,2.8,4.6,7.2,6.2,5.4,7.3,7.8,13
245665,5.6,7.0,5.7,8.3,7.7,5.8,6.2,5.9,10.0,6.2,8
245674,5.6,5.9,4.4,3.2,7.3,6.0,5.3,4.3,6.3,7.4,10
245675,6.4,7.5,5.8,5.5,7.9,6.3,6.5,5.0,7.3,6.3,7
245676,6.5,7.0,6.8,5.9,7.6,7.0,7.6,5.0,7.2,7.2,7
245677,6.8,7.0,6.8,6.3,7.2,7.3,5.4,5.0,7.5,5.0,8
245708,5.1,5.6,5.4,5.1,5.9,5.8,6.1,7.1,5.9,5.3,9
245710,5.8,5.1,5.0,6.4,7.8,5.9,6.4,5.6,6.4,6.2,8
245724,6.1,6.3,4.7,5.7,5.0,6.5,5.8,5.0,5.0,5.6,8
245731,4.2,3.9,5.2,4.2,4.4,6.1,4.2,3.7,6.7,5.1,11
245733,9.5,8.2,8.0,8.0,8.4,7.1,8.3,6.7,7.1,7.2,8
245737,5.6,5.5,5.3,6.3,7.4,5.0,7.4,5.0,7.4,6.3,9
245763,6.4,7.6,5.9,5.0,5.3,6.8,7.6,8.5,7.4,5.4,8
245764,3.2,3.8,3.1,5.0,5.8,4.7,5.2,2.3,5.4,7.4,13
245768,5.1,5.2,3.6,4.5,0.0,5.6,5.0,5.0,5.1,0.0,12
245776,5.0,5.9,5.7,4.2,6.6,5.2,5.5,1.9,5.0,4.1,11
245777,5.0,6.5,3.9,0.0,0.9,5.1,2.0,0.0,7.2,7.9,10
245796,5.6,5.0,6.9,5.7,6.0,5.5,7.0,8.0,5.0,7.3,8
245810,6.7,7.0,7.4,6.5,5.1,8.2,8.1,7.7,7.6,7.5,8
245811,5.0,5.0,5.2,6.4,6.9,6.7,5.9,5.3,6.7,5.3,8
245826,7.1,7.7,5.6,7.5,7.0,7.0,6.8,7.6,7.8,5.2,8
245832,5.6,5.8,5.0,5.9,6.4,5.9,7.8,5.8,6.1,5.0,10
245843,6.9,4.2,4.1,3.6,1.6,7.5,5.5,7.1,6.8,6.8,9
245847,6.7,7.0,5.0,3.6,0.0,6.4,6.6,5.0,5.4,5.6,9
245853,5.4,5.2,5.5,5.4,7.0,5.7,6.1,5.0,6.3,5.9,9
245865,5.1,2.8,3.2,2.2,1.1,5.0,5.2,1.3,6.0,5.0,12
245878,5.0,6.6,5.5,5.0,8.0,5.6,5.6,5.0,6.1,6.7,8
245929,6.3,8.0,6.1,5.9,7.4,5.9,5.1,6.3,7.2,6.0,9
245932,6.6,7.6,6.8,5.7,1.2,6.8,7.2,6.4,5.9,5.4,8
245944,7.0,5.2,5.7,5.2,6.5,6.2,6.7,5.5,5.4,7.3,8
245950,7.4,6.3,6.2,5.1,7.5,6.1,7.0,5.2,7.4,6.1,9
245954,6.4,7.6,6.4,6.4,8.0,7.2,8.2,6.8,7.3,6.6,8
245985,6.1,6.4,5.6,6.9,7.6,5.6,6.4,5.0,6.2,7.7,8
245986,7.0,8.4,7.2,6.4,7.4,7.1,7.4,7.3,6.5,6.3,8
246007,6.5,7.2,6.4,5.4,6.6,7.3,7.9,7.8,6.7,7.9,8
246015,6.4,6.2,5.0,3.4,0.7,6.8,6.0,7.7,6.1,8.2,9
246034,6.7,7.0,5.0,5.1,2.0,6.0,6.8,8.6,8.1,5.1,8
246057,6.0,5.6,3.1,5.0,4.0,6.7,7.2,5.0,6.9,1.4,9
246091,8.1,7.6,5.4,8.1,8.6,7.0,7.0,5.7,7.8,9.1,8
246094,5.6,6.0,5.7,7.0,6.5,6.0,6.4,7.8,7.9,7.4,7
246095,4.4,5.8,4.4,6.4,5.2,0.0,6.0,6.3,7.9,6.3,9
246098,6.4,7.2,4.4,0.0,8.1,6.2,6.0,7.6,8.0,5.7,10
246104,5.3,6.8,6.3,5.9,9.0,7.0,6.6,5.0,5.8,9.1,9
246113,5.7,6.0,5.2,5.1,4.2,7.3,5.0,3.7,5.5,6.7,11
246123,6.1,6.4,6.6,6.0,7.2,7.6,5.9,5.0,6.4,6.8,9
246132,7.5,6.7,5.0,5.0,6.7,7.0,6.8,7.2,7.3,6.7,8
246151,4.6,6.6,4.6,2.0,5.0,6.8,5.1,5.7,7.3,7.6,10
246155,5.0,5.0,3.8,3.6,4.6,6.3,3.8,5.0,6.1,6.8,9
246156,3.4,4.2,3.7,1.6,5.0,6.5,2.4,1.6,4.5,5.4,11
246199,6.7,4.4,5.3,7.4,7.7,6.5,8.0,3.2,6.0,7.0,9
246236,4.5,5.3,5.0,5.0,7.5,5.9,5.2,2.0,5.1,5.1,9
246237,6.8,7.6,6.9,8.1,7.5,6.5,6.3,6.2,6.5,6.8,8
246265,7.8,9.5,7.5,8.2,7.9,8.6,9.7,7.9,7.6,7.1,8
246267,6.7,7.4,6.5,7.1,6.7,6.6,7.6,8.1,6.9,6.9,8
246298,5.0,6.7,2.0,5.0,0.5,5.2,5.8,2.6,6.1,5.0,12
246304,8.1,7.3,6.8,6.2,6.6,7.7,7.9,9.3,7.0,8.0,8
246312,5.0,5.8,3.1,3.6,5.4,5.8,5.2,5.3,7.3,4.6,11
246343,5.0,6.7,5.0,1.2,5.6,6.3,6.4,7.4,6.5,7.3,8
246356,4.7,6.0,6.2,7.3,6.3,6.1,4.5,5.1,6.1,2.9,10
246361,6.8,9.5,6.2,7.1,7.2,7.9,6.5,5.7,7.8,6.2,8
246370,6.3,7.2,6.0,6.0,5.2,6.5,6.4,6.2,6.6,5.5,8
246373,7.8,7.2,4.5,6.2,9.2,5.1,6.6,3.0,6.5,5.0,10
246391,2.6,3.5,5.3,3.5,2.1,5.0,6.7,5.6,5.0,6.2,11
246397,6.1,5.5,6.0,5.0,7.0,5.4,5.7,5.0,6.5,8.4,9
246416,6.7,6.4,4.4,4.0,7.8,6.4,6.0,7.2,2.0,4.3,9
246465,5.4,5.1,5.8,5.0,4.2,5.4,6.5,6.0,6.0,6.4,9
246513,5.4,5.1,5.8,5.0,9.0,6.5,7.2,5.9,6.7,7.2,7
246514,7.5,6.0,5.5,5.5,5.9,5.4,7.2,5.0,6.8,8.4,8
246519,7.5,6.0,5.5,5.5,5.9,5.0,4.2,3.5,6.8,8.4,10
246579,7.5,6.0,5.5,4.2,5.9,6.4,4.2,8.0,6.8,6.8,9
246587,7.5,6.0,5.5,4.2,5.9,7.1,7.0,5.3,5.0,7.0,7
246657,7.0,7.3,6.8,5.7,9.0,6.4,5.5,7.0,6.7,6.6,8
246660,5.0,5.7,5.5,5.1,4.1,5.6,5.0,7.3,5.5,1.5,10
246706,6.3,5.7,5.5,5.6,8.2,5.6,6.5,5.0,5.7,7.1,10
246730,6.1,7.9,6.8,8.2,7.6,7.0,7.5,6.0,10.0,8.1,8
246733,4.3,4.6,4.7,5.2,4.4,6.6,6.5,5.4,8.2,6.0,9
246748,6.2,7.7,6.1,6.4,7.5,7.2,5.9,5.3,7.2,5.0,10
246767,5.0,5.0,5.2,2.7,5.4,5.9,5.0,5.0,0.0,3.9,10
246794,4.0,6.8,5.0,5.1,6.1,7.2,7.8,5.9,8.4,5.7,8
246807,6.5,8.0,8.5,8.1,9.2,8.5,9.0,6.2,8.0,9.3,10
246813,3.4,4.6,4.6,0.3,0.5,5.4,5.5,3.6,5.9,7.3,9
246818,5.8,4.4,3.9,3.9,2.9,3.8,5.0,4.2,3.9,6.1,11
246899,7.7,7.8,7.3,5.7,7.3,8.1,6.5,6.5,8.5,6.5,8
246908,7.3,6.0,7.2,8.8,7.0,7.8,7.4,6.6,7.2,8.4,9
247055,6.3,6.7,6.5,5.3,7.2,7.7,5.0,7.4,5.9,6.1,9
247256,5.1,7.0,5.1,7.4,6.7,4.7,5.0,4.0,7.0,8.1,10
247439,5.1,7.0,5.1,7.4,3.2,4.7,5.0,4.0,7.0,3.8,8
247535,5.1,7.0,5.1,7.4,3.2,4.7,5.0,4.0,7.0,1.9,9
247546,5.0,7.0,5.1,7.4,3.2,4.7,5.0,3.3,7.0,1.9,8
247860,5.0,7.0,5.1,7.4,3.2,4.7,5.0,6.9,7.0,6.6,8
248139,5.0,7.0,5.1,7.4,3.2,5.8,5.0,6.9,7.0,6.6,6
248338,7.5,7.0,5.6,5.0,6.8,6.0,8.5,6.8,6.7,7.2,8
248339,7.3,7.0,7.4,5.5,6.4,6.7,6.2,6.9,7.0,7.1,8
248425,6.4,8.2,7.3,6.8,8.0,6.9,8.0,6.7,6.1,7.6,8
248426,6.5,6.6,7.0,6.6,6.5,6.3,7.0,6.4,7.1,6.8,8
248431,5.0,5.6,5.0,6.3,5.0,5.6,5.1,5.0,6.2,6.0,9
248456,3.7,6.0,4.5,5.0,0.5,5.9,5.5,3.8,5.9,5.0,11
248460,5.0,7.0,5.3,3.8,5.0,5.8,6.5,2.7,2.7,5.2,10
248504,6.0,3.9,5.1,6.4,5.0,6.4,6.4,5.0,6.4,7.0,10
248547,5.0,5.8,1.4,2.3,0.0,0.0,5.0,1.2,1.7,6.2,12
248551,6.1,6.2,6.6,5.2,7.5,7.0,8.2,7.7,8.1,9.2,8
248562,6.1,6.4,6.1,5.0,7.0,6.3,8.4,5.0,6.2,5.0,9
248645,5.3,6.8,5.0,3.4,7.8,7.1,5.0,5.0,6.4,5.3,9
248661,6.8,7.7,7.9,7.8,8.0,7.8,7.3,6.5,8.8,5.5,8
248715,7.4,7.7,5.1,5.0,5.0,7.0,5.4,6.0,5.7,7.0,8
248722,10.0,10.0,8.0,8.4,8.4,7.9,8.7,5.5,10.0,7.0,8
248890,5.0,3.9,5.8,5.9,6.1,5.4,6.2,5.5,7.7,5.4,10
248927,5.1,6.4,6.6,3.5,2.7,5.1,7.0,5.0,7.3,5.9,10
248965,5.0,5.8,5.0,0.0,7.2,5.0,4.4,1.3,1.1,0.4,10
249058,5.0,5.9,5.2,5.0,6.2,7.0,6.1,6.4,8.7,7.7,8
249892,5.0,5.9,5.2,5.0,6.2,7.0,6.1,2.4,8.7,7.7,11
249938,5.2,7.0,5.5,5.0,0.2,5.8,7.0,3.0,5.0,5.0,10
249953,4.0,5.5,4.3,5.6,1.3,2.7,6.2,5.7,4.2,5.0,15
250031,5.0,5.0,4.0,3.5,1.4,5.2,6.1,5.0,5.8,3.8,14
250039,6.8,6.4,4.2,1.0,5.7,2.1,6.0,6.6,5.0,4.7,9
250115,6.8,5.4,4.2,4.4,5.7,2.4,6.0,3.0,3.8,5.7,12
250255,6.4,4.5,5.8,7.4,7.2,6.8,7.3,5.1,5.1,7.8,8
250343,5.8,5.9,5.2,3.7,5.8,7.5,5.1,0.8,4.5,5.7,10
250480,6.0,7.3,5.7,6.0,5.2,7.0,7.6,6.8,8.3,7.5,8
250540,5.5,6.3,2.2,3.9,2.8,5.0,5.0,5.9,5.2,5.6,15
250576,5.8,7.0,4.6,5.0,4.7,5.4,4.2,5.8,5.0,6.3,10
250608,5.4,7.2,2.5,5.1,5.0,6.6,5.9,6.4,5.0,5.0,9
250977,4.0,5.5,3.5,5.0,5.5,5.1,4.4,3.2,6.2,6.0,11
250998,5.1,5.7,2.6,4.1,0.0,7.0,6.5,5.5,7.7,5.6,12
252404,5.5,5.7,2.6,2.6,2.4,3.3,4.6,5.5,7.7,5.7,11
252419,5.8,6.7,6.2,5.8,0.0,6.0,5.6,5.8,5.6,4.1,10
252420,3.0,5.0,5.3,3.0,1.9,3.5,5.0,2.4,3.9,2.2,14
252422,5.0,4.4,5.1,5.0,7.2,5.7,7.2,4.2,5.3,4.0,11
252429,5.0,5.0,4.5,0.0,5.0,4.4,3.7,0.0,6.0,7.0,11
252430,5.3,6.0,4.6,5.0,5.7,5.3,5.3,1.9,4.2,0.7,15
254670,2.6,5.4,3.1,2.2,0.3,0.0,5.7,5.0,5.0,4.5,13
254784,2.6,5.4,5.1,2.2,0.3,5.9,5.7,5.0,5.5,4.5,9
256768,2.6,5.4,5.1,2.2,0.3,5.8,5.7,5.0,6.7,4.5,4
258115,3.1,6.1,3.3,5.0,1.4,6.2,5.4,1.4,7.7,0.1,10
258117,5.4,4.5,3.4,5.5,0.3,6.0,2.9,5.0,6.0,3.1,10
258145,9.0,8.2,8.1,8.0,8.5,7.3,5.3,8.3,7.7,5.8,8
258159,6.5,7.1,7.9,6.8,7.6,5.3,6.4,7.5,6.8,5.6,8
258162,7.3,6.5,6.0,6.6,5.1,6.3,5.0,8.1,7.9,7.1,8
258169,7.4,5.0,6.3,7.0,4.2,5.5,5.8,6.5,7.7,5.2,7
258173,2.3,5.0,3.8,1.8,6.2,6.3,3.8,2.2,1.1,6.8,12
258174,6.1,5.1,5.3,5.8,5.9,5.0,5.0,6.2,6.1,5.4,8
258205,5.1,4.6,5.0,5.0,1.1,3.4,5.0,5.0,5.0,6.7,9
258214,5.1,5.4,5.0,5.2,5.7,4.3,3.3,4.5,6.7,7.7,9
258233,8.6,9.0,7.7,9.0,6.3,8.2,5.5,7.6,8.5,6.0,7
258260,6.7,5.9,5.1,5.6,4.1,4.6,5.5,8.3,5.4,5.3,9
258272,6.2,7.1,6.2,8.0,2.7,5.0,4.4,6.5,8.2,3.3,8
258275,6.7,5.5,6.8,5.6,7.4,5.8,6.2,8.1,7.1,7.7,8
258290,3.7,4.4,4.4,4.1,0.0,5.9,6.2,5.3,5.0,5.5,10
258295,6.8,7.0,4.2,1.8,5.0,4.4,5.0,6.2,4.6,6.4,12
258301,7.0,5.9,6.1,5.8,10.0,5.5,5.2,5.0,6.5,5.6,9
258314,4.6,3.9,2.2,3.7,5.0,5.6,3.3,5.0,6.4,3.7,11
258315,5.1,5.9,6.2,5.0,8.2,5.3,3.4,4.4,5.4,5.0,8
258318,6.3,5.5,3.7,6.2,7.8,3.9,3.0,4.7,5.0,5.1,9
258320,7.0,5.3,6.2,5.7,8.5,6.0,5.0,5.4,6.0,6.9,8
258323,5.0,7.1,5.8,4.4,3.0,5.1,5.0,6.1,5.0,5.2,7
258366,5.8,5.0,5.0,6.8,8.1,6.1,5.0,5.2,5.2,7.3,8
258377,5.1,6.1,5.9,6.2,5.0,5.0,4.1,7.2,5.0,4.1,8
258378,5.1,6.1,5.9,6.2,5.0,5.8,4.1,7.2,5.0,4.1,7
258408,3.0,2.9,4.0,0.0,0.8,5.5,5.0,5.0,5.7,5.3,10
258413,9.1,9.0,7.4,8.1,6.5,6.8,7.6,6.8,7.0,6.2,8
258438,6.6,5.1,5.1,7.0,5.1,5.0,5.0,5.0,8.6,5.0,8
258474,2.9,3.3,2.7,2.9,5.0,6.7,5.7,5.7,7.4,5.9,9
258489,5.0,3.2,5.0,6.5,5.0,4.8,3.1,6.5,5.9,3.0,9
258501,5.7,5.7,3.2,4.1,3.3,5.3,3.6,5.9,5.0,3.6,10
258507,6.4,5.0,3.9,6.8,7.4,5.2,3.4,3.9,6.1,5.9,10
258563,6.3,5.5,5.0,5.0,5.0,7.4,5.0,5.5,7.2,7.4,7
258605,6.8,5.0,6.6,6.5,3.7,4.4,5.0,5.5,5.7,2.0,10
258610,5.0,5.9,5.1,4.2,5.0,5.0,6.8,5.6,7.3,5.0,8
258620,4.4,6.0,7.2,6.2,10.0,5.4,5.0,5.7,7.8,8.0,8
258627,7.1,7.0,4.6,3.4,6.7,3.7,2.7,6.1,5.1,5.5,9
258665,2.4,1.8,3.7,5.1,5.1,5.7,5.7,0.2,4.6,3.5,9
258719,7.2,8.2,5.2,7.3,6.4,5.1,2.7,3.9,6.7,5.0,9
258729,7.0,6.6,7.6,6.7,7.9,5.9,6.1,5.1,6.8,8.7,8
258731,6.0,3.5,4.1,6.1,2.3,5.0,5.7,6.1,6.9,5.6,11
258737,8.2,7.7,5.0,5.8,7.8,5.6,5.0,5.4,5.3,6.3,8
258741,8.8,7.2,7.0,6.3,8.5,7.4,5.8,6.0,5.8,6.6,8
258742,5.7,7.2,7.0,6.3,8.5,5.3,3.5,4.5,5.8,7.1,8
258748,0.0,2.0,4.4,4.1,3.2,0.0,3.8,3.9,6.6,5.1,13
258750,6.6,3.6,6.0,5.0,6.0,5.0,5.6,5.9,5.0,5.9,9
258754,6.7,6.4,5.3,5.8,4.3,4.8,4.0,5.5,5.0,5.0,9
258778,8.2,6.3,7.3,7.9,7.9,7.3,5.0,8.6,8.3,8.6,7
258784,6.7,4.4,3.1,3.5,0.4,0.0,4.4,2.4,4.5,3.5,12
258792,5.6,5.0,2.9,2.8,0.0,2.7,3.0,5.0,5.9,4.3,10
258811,6.4,6.5,6.9,6.1,8.2,5.8,5.0,6.4,6.9,6.3,8
258822,5.0,3.3,4.6,4.5,5.0,4.2,6.0,6.9,6.0,5.0,9
258824,5.0,2.9,1.0,4.1,5.3,4.4,5.8,5.5,0.7,5.3,11
258836,4.4,7.0,3.9,6.9,6.5,5.1,4.5,3.1,5.3,4.7,10
258846,5.0,5.4,3.1,3.9,1.8,5.8,5.2,5.0,6.5,6.0,12
258855,5.5,7.1,3.5,4.0,0.4,3.8,0.0,5.0,6.8,0.0,10
258865,6.3,6.7,5.6,7.8,9.0,7.1,5.0,7.0,6.4,5.4,8
258885,7.2,5.0,5.3,6.2,7.2,7.1,6.9,6.4,7.2,5.0,8
258888,5.9,7.5,7.6,7.1,9.5,6.4,6.9,6.1,8.6,5.7,8
258902,6.7,8.1,5.0,5.2,6.3,5.0,5.0,6.3,7.6,5.0,10
258916,4.6,5.8,4.5,7.5,7.1,3.9,5.5,5.2,8.0,5.8,11
258927,4.5,5.8,6.2,6.1,5.0,5.7,5.0,5.0,5.6,7.5,8
258937,8.1,5.7,5.2,8.0,7.0,6.1,5.8,5.0,7.6,5.9,10
258960,5.0,6.2,3.0,3.7,1.4,5.7,3.7,5.4,5.6,3.2,13
258972,4.1,7.0,5.3,2.9,1.1,5.0,5.6,5.5,7.6,6.1,9
258997,5.1,6.5,9.0,6.1,10.0,7.2,5.0,7.6,7.7,9.2,10
258999,7.0,6.0,5.8,6.0,5.6,6.6,6.6,6.7,8.3,5.1,8
259000,6.0,4.3,5.4,7.7,8.0,5.9,5.7,6.4,7.4,5.5,8
259037,8.4,8.1,8.0,7.5,9.5,8.2,7.6,7.7,8.8,5.1,8
259039,3.0,5.0,5.0,5.5,5.0,5.0,4.0,6.5,4.5,3.3,10
259044,7.1,6.0,5.5,5.2,5.0,5.7,5.0,7.7,6.1,5.0,8
259062,6.3,5.1,5.0,6.8,2.9,4.0,1.9,5.0,6.0,5.0,9
259078,6.7,7.1,5.0,5.6,7.3,6.5,6.3,6.8,6.8,5.0,8
259082,5.3,5.0,6.2,6.1,6.3,5.6,5.3,5.5,5.9,5.5,8
259084,3.8,5.0,5.0,3.6,3.0,5.4,5.0,5.7,4.2,3.3,12
259108,3.8,5.0,5.0,5.1,2.7,4.6,4.0,2.5,5.0,2.8,10
259116,7.0,6.0,5.0,6.0,2.2,7.0,5.9,6.4,5.6,6.6,8
259117,3.4,3.9,5.0,3.2,5.0,5.8,7.4,1.5,5.5,7.6,10
259125,5.0,5.0,6.3,5.1,5.2,5.7,5.0,5.0,7.2,5.8,8
259137,7.2,5.9,4.0,6.8,3.4,5.0,5.7,7.1,5.4,5.1,11
259148,6.1,5.7,8.0,7.6,7.8,4.3,2.4,6.0,6.9,5.7,10
259187,6.1,7.5,5.8,7.2,9.0,5.9,5.0,5.0,6.5,5.4,8
259188,7.4,6.7,7.3,6.4,2.2,5.2,7.1,7.2,5.8,5.0,8
259189,5.0,5.1,4.2,7.0,8.4,4.5,4.0,3.2,1.1,1.3,12
259196,4.1,6.1,6.1,5.9,5.5,4.2,5.0,3.1,5.0,6.9,9
259211,5.6,6.4,5.0,6.9,9.3,3.8,3.0,3.2,4.0,5.2,11
259212,7.9,5.7,6.7,7.8,7.5,6.3,7.1,7.8,8.4,5.7,8
259217,7.2,7.2,6.3,7.7,6.7,6.1,6.1,8.5,6.5,5.8,9
259232,5.0,5.0,5.0,5.2,6.5,5.4,6.3,8.5,5.7,6.1,8
259234,8.0,7.1,6.1,6.6,7.9,5.7,5.3,5.0,7.3,5.4,8
259251,4.0,5.0,3.9,5.0,6.6,5.1,4.4,5.7,4.4,5.3,10
259309,3.3,5.2,3.9,5.2,7.8,7.8,4.5,7.4,6.1,6.2,10
259337,6.3,7.9,6.6,8.9,10.0,7.0,8.0,6.4,7.4,7.1,7
259341,7.7,7.2,9.1,7.8,9.2,7.8,5.5,7.2,7.6,7.7,7
259357,5.1,5.9,4.5,6.3,5.0,5.0,5.0,8.3,6.7,5.0,10
259366,9.0,6.0,5.0,6.1,6.2,5.0,4.2,5.7,5.0,2.0,11
259401,5.0,2.3,3.3,4.2,6.4,3.7,5.0,7.4,6.4,3.0,9
259405,7.2,5.3,5.0,6.0,6.3,5.3,6.1,6.3,7.5,6.2,8
259430,6.6,5.2,4.6,7.7,5.3,5.0,3.7,7.8,5.6,5.0,9
259441,6.5,4.2,5.2,5.6,5.0,5.2,6.6,5.5,5.5,5.9,7
259442,5.4,4.5,5.2,5.3,6.1,4.4,4.6,6.0,5.8,7.2,9
259470,5.7,4.4,5.4,7.9,5.0,5.7,5.0,4.4,6.3,4.6,9
259477,7.0,5.9,5.3,7.3,5.8,6.3,6.2,6.2,5.8,6.1,8
259479,6.4,7.0,5.1,7.2,9.0,6.1,5.0,6.1,7.0,5.0,8
259480,4.1,4.2,3.8,5.2,3.1,6.6,6.6,5.0,4.6,5.2,8
259485,7.1,3.5,5.1,5.0,6.5,4.6,5.5,6.1,1.0,4.7,9
259487,2.3,1.9,5.0,5.0,4.0,5.2,5.0,5.0,3.1,5.0,12
259528,8.3,5.0,5.6,7.3,3.2,5.7,5.9,6.6,7.5,5.0,8
259541,5.0,7.0,5.5,7.3,7.0,5.0,3.4,4.4,6.9,5.0,9
259585,5.8,7.0,5.2,5.9,3.8,5.0,3.3,6.4,7.4,4.6,11
259590,7.0,8.6,6.7,9.0,7.6,7.4,6.9,7.2,8.5,5.2,8
259595,3.2,5.9,4.2,3.3,3.5,4.6,5.7,5.0,6.0,5.4,10
259597,6.0,3.6,4.1,5.4,0.9,5.3,5.3,6.3,6.5,4.3,9
259602,6.3,6.6,5.7,5.5,7.9,5.3,6.9,7.5,5.0,5.1,8
259607,8.5,8.0,6.6,8.2,6.7,6.2,5.1,5.4,6.5,5.0,8
259638,5.8,5.7,5.5,5.7,7.4,4.5,3.3,1.6,5.0,6.6,12
259671,3.4,3.6,5.0,4.1,3.2,6.4,5.9,5.0,5.7,6.5,9
259698,5.4,7.0,5.7,5.5,9.2,6.8,5.0,6.2,5.5,7.9,12
259700,5.2,7.7,4.0,5.0,2.8,5.5,6.3,5.8,5.1,5.8,10
259702,6.1,5.0,5.0,5.6,5.0,5.0,5.0,5.0,5.8,5.6,9
259723,6.3,5.6,6.4,5.3,3.5,5.5,6.1,5.8,5.5,5.3,8
259738,6.1,6.7,6.2,6.3,5.8,6.8,5.0,2.7,5.0,5.5,9
259744,3.6,6.7,6.2,5.0,5.2,2.6,5.4,5.5,3.2,7.3,9
259761,7.6,6.2,5.0,6.5,5.5,7.2,5.0,8.4,5.0,8.3,8
259789,7.3,6.5,4.6,6.8,2.0,6.1,5.8,7.0,3.0,4.7,9
259794,7.7,7.5,5.3,7.1,5.0,4.3,6.0,4.7,5.0,3.1,10
259826,5.5,6.0,3.9,5.2,5.0,4.3,2.1,1.8,5.0,5.2,12
259848,6.7,5.8,5.0,6.1,6.7,5.9,5.0,5.9,6.1,5.1,7
259851,8.3,7.8,6.0,6.4,5.6,5.5,5.2,5.0,7.4,5.4,8
259855,6.4,5.0,3.7,7.5,5.6,3.2,4.5,5.5,5.9,5.1,9
259874,7.4,5.4,4.1,5.4,3.3,5.7,4.7,6.2,6.3,5.4,10
259886,9.7,8.1,8.3,7.1,10.0,7.9,5.8,8.0,5.4,8.0,8
259894,9.7,8.1,8.3,7.1,6.3,7.9,5.8,8.0,8.6,5.1,8
259899,6.4,6.5,4.6,5.2,5.0,4.1,3.8,5.0,3.4,5.1,9
259914,5.4,4.6,5.6,5.5,5.7,5.0,5.0,5.8,7.0,5.7,9
259916,8.0,7.2,9.0,8.7,9.3,8.2,6.5,8.1,8.9,6.8,9
259924,7.5,5.3,5.4,6.4,5.0,5.9,6.7,5.2,7.0,5.0,8
259933,6.7,6.7,6.1,5.0,6.3,5.4,5.9,6.7,6.7,5.5,8
259951,5.9,6.5,5.0,6.4,9.0,5.3,4.1,4.2,7.0,7.2,9
259963,6.3,4.3,4.2,5.0,6.6,3.8,4.4,2.3,5.7,5.0,12
259981,6.7,6.3,6.8,6.2,6.0,6.4,5.0,7.2,6.9,6.7,8
259986,7.6,6.7,5.0,7.6,4.1,5.1,5.0,5.7,7.6,5.0,8
259997,5.0,5.8,6.1,6.6,9.1,6.6,6.4,5.1,5.6,9.0,10
259998,7.7,5.8,5.2,7.3,3.5,6.9,5.0,5.6,7.4,5.0,8
260006,5.6,4.0,5.0,4.3,3.3,4.2,3.4,5.7,6.1,5.7,11
260026,5.9,5.0,7.1,6.8,5.0,7.4,5.6,5.3,5.5,5.0,9
260033,7.2,7.8,5.9,7.2,9.3,6.5,5.1,6.4,6.6,5.6,7
260038,5.5,4.0,5.4,6.4,3.6,5.3,4.1,7.4,4.3,3.8,11
260056,7.3,7.5,7.4,8.8,8.5,6.8,5.1,7.2,8.7,6.7,8
260071,5.2,7.9,5.7,8.6,9.2,5.0,2.3,6.3,5.3,5.1,9
260087,5.6,8.1,5.0,7.6,10.0,4.4,4.1,3.9,6.4,3.7,10
260095,5.3,7.7,5.0,7.5,7.0,5.5,4.1,3.9,6.6,5.4,11
260099,8.1,7.1,7.2,9.4,6.2,6.7,6.0,8.3,8.8,5.7,7
260127,7.7,8.0,6.7,7.9,9.0,5.4,6.2,7.0,8.1,7.6,8
260158,7.2,7.5,5.5,8.8,6.5,6.3,7.8,5.4,7.7,6.2,8
260178,6.6,7.2,6.5,7.2,8.5,5.7,5.8,6.2,7.3,5.0,7
260192,6.8,5.2,7.0,5.2,1.7,5.0,5.2,6.1,5.0,6.5,10
260193,7.9,5.8,5.4,5.0,7.7,5.7,6.5,9.0,5.1,5.0,7
260194,6.4,7.4,5.0,6.0,0.6,5.0,5.8,6.2,6.0,6.6,9
260248,5.3,5.6,5.0,6.2,7.6,5.0,5.0,5.0,6.2,6.0,8
260253,7.7,6.1,5.0,5.1,6.2,5.4,5.4,6.6,5.0,5.0,10
260256,5.6,5.2,2.6,7.0,7.1,5.5,3.3,3.4,7.1,7.6,9
260264,5.9,5.4,5.0,7.0,0.9,5.0,5.0,8.0,5.4,6.2,8
260330,3.8,4.6,3.6,4.2,0.0,3.3,5.3,5.9,6.5,2.9,12
260334,5.0,5.0,5.6,3.3,1.6,5.9,4.0,6.9,4.5,4.6,11
260363,6.5,5.0,3.8,5.1,6.0,3.4,5.4,5.3,3.8,5.4,8
260378,5.0,7.1,3.7,5.1,5.0,4.3,4.1,4.5,7.1,5.7,9
260382,5.0,6.2,5.8,8.2,7.8,6.6,5.5,6.1,7.2,5.0,9
260384,4.3,5.0,3.3,3.3,6.2,4.7,2.2,5.0,6.5,5.2,12
260402,7.5,6.3,7.4,6.3,6.7,6.0,6.8,7.1,7.8,6.0,8
260421,8.5,6.2,7.2,5.5,5.5,5.0,5.0,5.0,6.4,5.0,8
260444,5.2,5.5,7.3,6.0,7.1,5.9,5.1,6.2,5.8,3.3,13
260455,4.2,1.8,5.0,3.2,2.4,6.4,5.9,6.4,5.4,5.0,9
260460,5.5,5.9,6.3,8.6,5.4,6.3,5.1,6.2,6.2,5.1,8
260465,9.9,7.7,7.5,8.1,10.0,7.4,5.7,6.4,8.2,9.0,8
260479,5.6,5.0,6.2,7.0,5.0,5.4,5.9,5.7,6.4,5.4,8
260496,5.4,7.0,6.7,5.1,5.0,5.0,4.1,4.4,5.0,5.5,10
260501,7.9,7.0,6.6,5.7,3.9,5.6,5.0,7.8,4.5,2.1,9
260528,7.0,5.0,5.0,6.0,5.0,5.0,5.0,6.8,5.3,5.0,9
260533,7.1,5.7,6.9,7.7,6.1,5.0,5.0,7.0,6.6,5.2,8
260539,8.3,7.0,5.7,5.8,7.1,5.2,5.4,7.5,8.0,6.2,8
260541,5.0,5.8,6.1,6.1,7.8,5.2,5.0,6.4,8.0,7.7,8
260548,5.0,7.0,7.7,7.7,9.0,3.6,3.7,6.3,6.5,3.9,13
260549,5.0,5.4,7.2,6.0,5.0,4.5,5.0,3.6,6.1,6.7,9
260550,6.1,7.7,7.0,7.6,8.4,5.0,5.0,6.6,6.5,7.9,8
260569,5.9,4.6,5.4,5.9,5.0,6.1,3.1,5.3,4.0,6.1,8
260572,7.8,6.7,6.2,9.0,5.7,7.5,6.7,5.0,8.2,5.1,7
260592,3.1,5.0,7.1,5.4,9.0,3.3,4.0,3.5,6.6,3.6,13
260600,6.1,5.2,6.2,7.1,7.0,5.3,5.1,5.0,6.4,6.7,8
260656,5.4,5.5,6.0,5.5,5.3,5.4,5.0,5.0,7.9,6.6,8
260660,6.4,4.0,5.0,6.5,6.1,6.2,4.2,8.2,8.0,7.4,12
260661,5.4,3.8,4.0,6.1,7.3,5.6,5.0,5.0,5.9,5.4,8
260666,7.9,7.1,7.4,7.3,9.0,8.7,8.0,7.2,8.1,5.9,8
260673,3.0,2.5,3.9,4.3,1.9,5.3,5.4,3.1,5.4,5.1,10
260689,7.7,5.0,5.7,7.0,9.3,6.9,5.0,5.8,6.3,5.8,8
260698,2.0,5.0,4.0,4.4,0.4,5.4,6.9,3.1,6.8,3.5,13
260699,4.0,2.7,1.2,4.1,0.0,5.7,2.6,6.6,7.7,0.7,11
260700,7.6,5.8,5.7,6.7,6.2,5.0,5.8,5.4,5.0,5.0,7
260710,9.0,7.2,7.5,4.6,5.6,5.7,5.6,7.4,7.2,6.6,9
260721,8.4,8.4,8.5,8.1,9.4,7.8,6.6,6.8,6.8,7.0,8
260755,5.0,5.0,5.4,4.2,2.7,3.0,3.1,5.0,4.4,5.8,10
260767,4.5,4.2,6.0,8.4,5.7,4.1,4.7,5.0,4.7,7.3,10
260770,4.3,4.0,3.7,5.4,1.4,7.1,5.6,7.4,6.4,6.3,10
260804,5.7,6.1,7.8,5.0,0.8,5.0,3.2,3.7,2.8,1.3,10
260807,8.0,6.7,6.4,7.5,5.8,6.6,6.3,7.4,6.4,6.8,7
260836,6.5,5.3,5.3,7.1,6.4,6.0,5.0,8.5,8.6,7.9,7
260861,3.7,5.0,5.0,6.4,5.0,4.4,3.7,0.6,4.4,3.4,9
260864,4.3,3.3,5.0,2.1,1.6,5.0,6.0,5.0,5.1,6.1,10
260930,2.1,3.7,3.6,2.1,5.9,5.9,6.8,5.0,5.9,4.0,11
260932,7.9,5.3,5.8,7.3,6.3,6.2,2.9,5.0,6.5,5.5,9
260950,7.8,6.0,6.5,7.5,7.5,7.1,5.8,8.4,6.3,5.5,8
260971,6.5,4.2,5.2,5.1,5.0,3.3,5.0,7.3,8.1,5.0,9
260988,5.5,5.0,6.1,4.3,6.6,5.6,4.6,1.4,4.6,6.8,10
261004,5.0,5.0,4.7,6.4,3.3,5.0,4.4,4.0,8.0,6.1,8
261010,5.0,3.7,5.0,4.0,4.1,0.0,4.0,3.5,5.0,5.2,11
261014,5.6,6.0,4.7,5.0,5.4,4.7,4.4,3.4,5.0,5.2,9
261015,6.8,5.6,7.5,5.9,9.0,6.6,5.0,5.0,5.6,6.8,8
261045,2.0,5.7,3.1,2.7,5.7,0.0,5.5,5.0,7.5,3.6,9
261058,7.7,7.8,5.1,6.2,6.0,6.0,5.1,5.0,6.4,6.3,8
261078,6.3,4.6,5.7,4.2,3.6,5.6,3.8,7.0,5.5,6.2,10
261080,5.0,2.9,3.7,5.0,0.2,3.3,4.3,4.2,5.8,3.4,13
261082,5.5,3.3,4.2,5.2,0.8,5.0,5.0,5.2,5.6,5.1,10
261088,6.8,4.0,5.0,5.8,1.5,6.2,7.4,5.0,6.0,6.0,8
261106,5.2,7.2,6.3,4.1,2.2,6.8,4.3,5.7,5.9,6.0,10
261112,7.9,8.3,5.3,6.1,2.4,5.4,7.7,6.8,6.0,6.4,8
261141,5.9,5.4,5.7,6.3,5.0,5.0,5.0,7.2,5.7,5.0,8
261146,5.0,7.6,5.4,5.8,1.3,5.6,7.7,6.5,6.2,5.0,8
261150,7.0,5.8,6.3,4.1,7.0,4.5,5.6,4.7,4.4,5.0,9
261151,5.0,6.0,4.8,5.8,5.0,5.1,5.6,6.2,5.4,3.1,9
261154,2.6,4.4,3.1,5.0,4.3,5.9,5.3,5.2,5.9,5.0,11
261161,5.6,5.5,7.4,5.6,7.6,5.9,2.9,5.7,7.0,5.7,9
261166,7.5,4.0,5.5,6.9,0.7,5.0,7.3,5.8,5.1,5.8,10
261169,8.4,7.0,7.3,8.5,9.3,5.6,5.0,8.2,7.8,5.8,5
261170,6.7,5.0,5.6,3.8,3.4,5.5,2.3,3.9,5.7,3.7,9
261175,8.7,6.3,6.3,5.6,2.1,5.0,5.0,7.6,7.2,5.0,8
261206,5.2,6.0,5.2,6.3,6.3,3.5,1.4,3.3,5.8,4.3,11
261214,7.8,7.2,7.3,8.0,9.4,8.6,7.3,9.0,9.0,7.3,8
261216,9.0,6.5,5.9,7.4,8.1,6.5,7.3,5.8,7.3,8.2,8
261219,9.4,8.1,7.3,8.3,9.0,6.5,5.5,5.3,6.5,5.9,11
261231,8.2,4.3,5.0,4.2,5.8,4.6,3.3,3.9,7.4,5.1,9
261239,7.7,6.5,5.2,7.0,4.1,5.2,5.0,5.9,7.5,7.0,7
261267,7.9,7.3,5.4,5.3,7.5,6.8,6.4,7.7,6.7,6.2,8
261273,3.7,3.7,6.0,4.6,7.1,6.5,5.2,5.0,6.0,7.2,12
261281,6.1,6.1,5.4,6.5,6.0,6.0,5.0,6.1,5.8,5.1,8
261287,5.4,3.5,5.4,5.2,5.3,5.3,5.0,7.4,6.1,5.0,11
261327,5.6,5.3,5.6,5.1,5.7,5.4,4.5,3.9,6.4,5.7,10
261337,7.9,7.8,7.5,6.8,8.6,6.1,5.1,5.0,7.3,8.0,8
261345,9.0,7.5,8.7,8.0,9.0,6.5,8.5,9.0,9.0,6.9,7
261357,9.0,7.5,6.9,6.7,9.0,6.5,8.5,7.5,7.8,7.4,8
261367,9.8,9.5,7.5,9.2,9.3,8.1,6.1,8.6,9.1,5.1,8
261381,6.1,6.1,5.0,4.5,5.7,3.0,4.0,3.0,6.1,4.3,9
261394,5.7,3.1,5.0,5.0,3.4,5.1,5.0,5.4,4.6,5.1,10
261397,5.0,5.0,4.6,5.1,5.0,4.7,4.4,6.5,7.7,6.0,10
261401,3.7,4.1,5.2,5.7,5.4,5.0,3.2,1.8,5.8,2.9,9
261439,5.0,5.4,6.6,5.0,5.0,3.2,2.8,3.6,5.4,5.7,9
261443,3.6,4.1,4.6,3.3,0.0,3.6,5.0,2.2,5.2,5.0,13
261446,7.2,6.7,5.0,5.4,5.6,6.3,5.8,8.0,6.2,5.0,9
261459,8.7,6.4,6.2,5.2,3.0,5.1,5.0,6.0,5.4,4.0,9
261475,5.0,7.0,5.3,5.5,3.5,5.3,5.0,7.6,5.9,5.9,8
261487,4.2,6.1,5.6,6.0,0.3,3.8,5.0,4.1,1.9,5.2,10
261499,7.8,8.1,5.7,6.9,0.1,6.1,6.1,6.5,8.4,5.8,9
261509,6.6,3.8,3.9,5.3,1.9,5.4,6.5,7.1,5.4,5.2,9
261512,5.4,4.5,3.4,3.7,4.0,3.2,5.5,3.2,5.0,5.2,11
261523,6.3,4.4,5.3,7.3,5.4,5.0,5.1,4.0,6.9,4.7,9
261527,8.2,6.6,6.6,8.1,8.1,5.5,5.0,7.7,8.4,5.8,8
261541,5.0,5.8,6.7,6.5,7.4,6.1,5.0,6.8,6.1,5.8,8
261563,3.2,4.6,5.4,7.1,3.4,7.9,6.8,1.8,6.3,5.1,10
261577,10.0,9.0,7.4,9.5,10.0,7.5,8.1,8.4,9.6,6.9,7
261591,4.0,5.0,4.0,5.2,5.0,3.6,2.9,6.0,3.6,3.7,10
261627,5.0,3.4,3.3,6.5,5.0,3.7,2.5,7.3,5.0,3.4,11
261630,6.1,5.1,3.6,4.1,5.0,4.0,5.2,2.4,6.6,6.6,10
261637,4.5,5.9,6.9,6.8,5.3,5.7,7.5,5.7,5.7,7.2,9
261645,7.3,5.0,5.0,5.6,5.2,5.8,5.0,6.0,6.7,6.3,8
261690,5.4,5.0,5.0,4.7,5.0,1.2,3.8,6.6,6.9,2.6,9
261696,5.2,5.2,5.7,5.6,7.9,4.4,4.1,5.4,4.8,5.0,9
261708,5.9,7.3,6.0,6.7,8.0,6.3,5.0,6.8,8.6,5.2,8
261710,7.2,7.6,5.4,6.1,5.1,6.1,2.6,5.2,8.1,6.3,8
261726,4.2,5.0,6.2,5.1,3.1,4.2,0.0,3.3,4.0,5.0,12
261729,5.6,5.0,5.0,6.2,6.4,5.0,4.3,5.0,6.1,4.4,9
261734,6.7,6.6,5.1,5.9,6.0,5.4,5.8,8.0,6.1,6.0,8
261735,5.9,5.3,7.1,6.5,7.4,6.9,5.0,7.3,7.4,6.7,8
261740,6.5,7.1,6.0,5.7,5.7,7.1,5.0,6.2,6.9,5.9,9
261747,4.0,3.1,3.0,5.0,5.8,4.2,3.2,3.9,4.6,1.7,13
261759,7.4,9.0,7.4,5.4,7.1,4.6,4.3,3.9,5.8,6.5,9
261768,4.3,5.0,3.4,5.5,7.6,5.3,5.0,7.1,5.5,6.3,8
261773,5.8,5.9,5.5,5.1,5.2,4.5,4.3,3.5,5.4,4.7,9
261774,4.2,4.1,5.7,4.0,3.4,6.5,5.3,5.0,7.9,6.2,11
261781,3.5,2.8,2.5,5.6,1.0,5.9,5.1,5.3,6.6,1.5,10
261782,6.0,5.0,5.4,7.0,8.1,6.6,5.0,5.4,8.3,7.9,8
261788,5.5,6.3,6.2,5.0,6.7,5.0,5.0,5.4,7.7,5.0,8
261789,8.4,5.3,5.7,6.7,10.0,6.5,5.7,5.1,7.9,8.6,8
261795,6.6,6.0,5.7,5.4,7.2,4.6,5.0,3.2,6.3,3.6,9
261797,4.3,3.8,3.8,5.2,5.3,5.1,5.0,5.9,6.9,5.3,11
261800,7.8,5.5,5.1,6.6,5.4,5.3,5.6,7.0,6.3,5.0,9
261841,6.6,6.1,3.3,4.1,2.3,5.1,6.0,4.5,5.8,5.5,10
261858,4.0,4.3,6.4,6.1,7.0,6.4,4.5,1.5,4.7,6.8,10
261860,5.6,5.6,6.0,6.0,5.8,5.6,5.0,6.2,6.2,6.0,9
261872,5.0,2.5,3.8,1.9,2.7,5.7,5.0,5.3,6.9,5.8,10
261879,5.8,5.7,5.8,6.9,5.0,5.9,3.4,6.3,5.1,5.1,10
261897,5.7,7.4,7.5,5.1,9.1,7.7,5.0,6.4,7.2,9.4,7
261903,5.2,4.0,3.6,5.5,6.6,4.1,7.0,6.5,3.1,5.8,10
261942,6.7,7.0,5.0,7.5,5.0,5.6,5.9,5.3,7.8,5.0,9
261943,8.1,8.2,7.5,7.8,8.0,7.0,5.0,6.6,7.9,5.5,7
261950,6.6,5.9,5.4,3.1,9.0,4.2,5.0,2.0,7.1,5.1,13
261961,4.3,3.9,4.4,5.0,5.0,5.1,5.0,5.8,6.9,5.9,9
261974,7.0,6.1,6.6,6.1,8.1,5.8,5.4,5.7,7.3,6.0,8
261977,4.3,6.7,5.0,5.5,3.2,5.0,7.4,5.0,5.0,7.6,8
261984,4.3,5.0,4.5,5.9,8.7,7.3,3.8,2.0,7.8,5.2,8
262016,7.0,5.7,5.6,7.6,8.5,6.2,5.0,6.5,6.4,8.2,9
262031,5.5,6.3,5.1,5.1,2.5,4.3,6.6,7.2,5.8,5.3,8
262049,5.3,4.6,5.3,5.9,5.6,5.3,5.0,5.3,4.7,2.3,10
262075,3.3,2.9,5.0,5.9,5.0,4.6,6.7,4.2,7.3,3.8,10
262080,6.3,6.0,6.7,6.5,5.4,5.7,5.5,5.8,5.0,5.4,8
262081,6.3,7.0,6.1,6.3,7.0,6.1,6.3,5.0,8.1,5.7,9
262114,5.6,5.6,5.3,5.8,5.0,3.3,3.5,7.3,4.7,5.0,10
262287,5.6,5.6,5.3,5.8,5.0,5.9,3.5,7.3,4.7,5.0,6
262294,5.6,5.6,5.3,5.5,9.0,5.6,3.5,7.3,7.8,5.1,8
262695,6.3,5.0,5.5,5.5,6.3,5.8,5.1,6.6,6.4,5.3,8
262745,7.7,5.8,6.1,8.5,6.5,5.0,5.0,5.0,8.4,6.5,8
262794,5.2,3.6,4.0,5.0,3.2,5.0,5.5,5.8,6.7,6.2,10
262803,6.5,6.3,7.7,5.0,8.7,7.0,5.0,5.0,7.0,7.9,8
262824,5.0,5.3,3.6,5.5,0.0,3.5,3.8,5.1,5.5,2.4,12
262844,3.0,5.0,3.8,5.1,5.4,5.5,0.0,5.0,6.9,4.5,10
262855,2.3,3.1,3.5,4.6,5.4,5.6,6.2,6.4,7.9,2.5,12
262874,5.7,7.0,4.6,5.0,3.4,5.1,6.2,5.0,5.6,6.8,9
262895,7.6,7.0,7.0,7.6,9.4,6.1,5.1,6.9,6.7,5.6,8
262923,7.6,8.2,6.7,6.9,10.0,9.0,6.3,6.4,8.5,8.2,8
262945,6.0,5.2,5.8,6.4,7.7,5.2,5.7,6.1,7.1,5.7,8
262951,6.4,6.5,5.5,5.9,6.3,6.0,6.8,5.9,7.5,5.9,8
262953,8.1,7.3,7.5,7.5,7.5,7.0,5.4,7.8,8.3,5.8,7
263065,9.0,7.1,6.4,7.8,7.8,6.0,5.7,5.0,7.5,5.1,7
263238,5.0,4.3,4.2,7.0,7.0,3.4,3.3,2.9,5.3,2.8,13
263340,4.4,3.5,5.9,7.9,7.0,5.4,5.0,7.0,6.9,4.6,10
263378,6.2,4.5,5.0,5.4,1.3,5.1,5.3,6.1,6.3,5.2,7
264150,2.9,5.0,4.7,6.6,8.1,7.0,2.5,4.1,6.4,6.3,11
264207,4.6,6.0,7.2,5.0,1.7,6.0,5.1,1.2,5.2,3.3,9
264455,5.0,5.4,5.3,6.1,2.0,6.1,6.5,6.4,7.9,5.2,8
264489,5.9,5.8,5.9,6.8,8.5,5.7,5.0,5.5,6.0,5.9,8
264523,6.0,4.3,5.4,7.4,3.0,4.1,5.1,1.4,5.1,2.8,12
264712,6.5,5.4,7.0,5.0,1.2,5.0,5.4,8.7,6.2,7.2,9
264725,5.0,6.6,5.0,5.9,5.0,5.6,5.4,5.9,6.1,5.0,8
264805,5.9,6.0,5.0,5.2,4.4,3.7,5.4,4.7,5.5,6.5,9
264976,5.2,4.4,5.0,5.5,5.2,4.2,3.4,6.2,5.8,5.4,10
264997,6.3,6.1,5.5,6.9,6.5,6.5,6.3,5.5,7.8,9.2,12
265060,4.6,4.1,3.6,4.5,5.0,6.1,6.8,6.3,5.7,5.0,11
265072,6.6,6.4,1.9,4.5,0.2,3.8,5.5,1.4,5.3,3.7,11
265086,4.1,5.5,4.6,7.4,7.0,7.1,3.8,3.4,6.4,9.0,15
265098,7.2,7.8,6.4,9.0,6.2,5.6,5.1,6.3,7.0,5.4,8
265152,5.9,3.6,5.1,5.0,5.9,4.7,4.6,5.4,3.0,5.0,10
265159,7.1,7.4,5.3,9.3,8.5,5.0,6.2,5.0,8.1,5.9,8
265174,7.9,7.0,5.9,7.5,9.0,6.3,6.7,5.0,7.4,5.9,8
265194,7.4,7.0,5.4,6.7,6.4,5.8,5.9,5.6,1.0,5.6,9
266199,7.4,7.0,5.4,6.7,6.4,6.1,5.9,5.6,1.0,5.6,8
269763,7.4,7.0,5.4,6.7,6.4,3.4,5.9,5.6,1.0,5.6,6
273882,5.2,4.6,5.8,4.1,6.7,5.9,6.5,5.6,3.5,9.2,9
273903,6.2,7.4,7.8,8.2,6.7,9.4,5.8,5.6,6.8,7.1,10
273905,8.4,8.7,7.6,8.6,10.0,9.7,7.8,8.2,5.7,7.9,7
273909,8.4,8.7,6.3,8.1,7.6,9.7,6.3,6.7,4.4,0.0,9
273938,6.5,5.5,6.9,6.1,5.0,6.2,5.3,6.0,8.1,7.3,7
273958,6.4,7.5,6.4,8.3,10.0,7.7,5.8,5.0,7.5,7.9,8
273959,6.4,7.5,6.4,8.3,10.0,5.4,5.8,5.9,7.5,7.9,5
273964,5.2,6.6,6.5,7.8,6.3,7.5,6.5,5.0,5.5,7.0,8
273998,7.2,6.6,5.7,8.2,6.3,7.4,7.6,6.3,6.4,6.9,8
274017,8.6,10.0,7.7,7.7,8.4,8.5,7.6,5.6,8.2,8.2,9
274061,4.3,4.5,6.2,7.0,5.7,5.0,5.0,3.8,5.1,3.9,9
274066,4.4,4.3,6.6,6.3,5.9,6.7,7.4,7.0,5.2,6.6,9
274124,7.4,5.3,6.4,6.2,6.7,7.3,4.7,3.7,5.0,6.8,9
274148,7.6,7.0,8.4,9.2,7.9,8.7,7.0,3.4,6.7,7.9,8
274159,5.0,8.7,7.1,6.9,8.7,7.4,6.0,5.3,5.6,9.2,9
274184,6.6,7.0,7.1,8.2,8.4,7.5,7.4,7.8,6.9,7.8,8
274187,4.4,4.0,4.2,4.0,3.9,5.4,5.0,4.4,3.7,3.1,13
274191,4.4,4.0,4.2,4.0,3.9,5.0,3.6,5.7,3.7,3.1,10
274206,5.9,5.6,7.3,8.9,7.9,8.1,7.6,5.6,8.0,5.4,7
274239,4.0,4.2,6.8,6.0,7.9,5.2,6.3,5.6,4.1,6.6,10
274252,6.5,5.9,7.5,5.6,7.0,6.0,5.1,7.0,6.4,5.9,7
274258,6.3,5.2,7.8,8.0,5.2,5.7,5.0,5.2,7.0,5.1,8
274260,7.8,7.4,8.3,8.6,8.0,6.6,6.7,7.7,7.6,7.8,8
274265,7.8,7.4,8.7,8.6,9.0,5.5,6.7,7.7,7.6,5.0,8
274282,7.8,7.4,8.7,8.6,9.0,0.6,0.0,6.4,0.4,5.0,10
274298,8.5,10.0,7.8,9.6,10.0,7.6,7.7,6.6,6.8,9.6,8
274308,6.1,7.5,6.7,7.0,8.1,8.5,6.6,6.4,6.6,5.0,8
274317,6.6,4.0,5.3,6.0,5.2,4.3,5.1,6.4,3.8,2.5,10
274325,3.6,4.4,5.8,5.8,5.3,4.3,1.9,2.6,5.5,5.0,9
274355,5.0,5.0,6.2,7.1,8.5,5.9,5.4,5.0,5.6,8.7,9
274358,5.0,5.7,6.8,5.8,4.6,6.6,7.1,5.0,5.5,6.1,8
274368,5.0,7.2,7.1,6.6,5.3,5.0,5.7,6.3,5.0,5.4,9
274402,5.0,7.2,7.1,6.6,5.3,5.0,3.5,3.9,7.0,5.4,7
274407,6.8,5.5,7.7,8.0,6.2,7.2,6.8,6.1,6.4,5.4,9
274414,2.7,4.5,7.9,7.7,8.7,9.0,6.3,5.0,7.3,6.8,10
274442,4.0,5.0,5.5,7.1,8.2,6.4,4.5,5.4,3.1,6.4,8
274452,4.0,5.0,5.5,7.1,5.3,6.0,4.5,5.4,7.2,7.1,5
274485,6.1,5.5,6.5,6.1,4.5,5.8,4.0,4.6,5.1,0.1,11
274511,9.3,7.8,9.5,9.4,8.5,9.0,7.8,6.1,8.4,7.5,8
274512,5.2,3.6,5.6,5.1,5.0,3.8,5.3,3.4,3.5,4.6,10
274520,5.2,5.7,6.2,7.7,6.3,5.8,5.6,7.1,5.1,6.1,8
274548,7.0,6.6,6.4,7.3,5.5,4.0,4.7,6.5,4.2,5.2,9
274555,4.3,4.5,5.0,5.5,5.5,5.5,5.0,3.6,4.3,3.9,9
274570,5.2,7.0,7.3,8.5,5.9,9.2,5.6,5.3,5.6,8.7,8
274594,7.4,7.9,7.2,7.2,8.3,7.8,6.4,6.6,7.4,7.4,9
274597,5.2,5.4,5.9,8.1,3.9,6.5,5.4,3.5,6.0,1.1,10
274602,4.0,5.2,5.7,6.3,6.8,5.9,3.2,3.3,6.5,6.1,9
274611,4.3,4.6,6.0,6.1,7.0,6.4,5.0,3.5,5.0,7.3,9
274614,4.3,4.6,5.0,6.1,5.9,5.1,5.0,3.5,5.2,7.3,10
274626,4.3,4.3,8.0,5.1,5.7,6.0,5.7,4.0,5.4,0.0,8
274634,8.1,7.2,8.5,8.6,8.5,9.5,7.9,6.7,7.2,9.3,7
274643,6.2,5.4,6.0,5.7,6.0,5.4,5.5,5.0,5.4,5.0,8
274665,8.3,6.6,8.5,8.0,7.5,7.5,8.2,6.7,5.0,6.3,7
274698,6.8,5.6,7.3,8.2,8.3,7.8,5.5,5.6,6.4,5.8,7
274700,7.0,8.3,8.0,8.6,8.5,9.2,7.4,7.3,5.3,6.9,9
274716,3.7,5.4,6.6,5.3,8.6,5.5,5.6,5.8,6.2,5.2,8
274753,5.5,6.1,6.2,7.2,9.0,6.0,3.4,2.5,3.1,9.1,10
274764,5.2,5.0,5.4,6.2,5.6,5.9,3.4,4.0,5.6,6.4,11
274770,4.7,4.2,5.0,5.0,4.6,5.0,6.9,5.0,6.0,5.0,8
274779,5.0,6.3,6.0,7.2,10.0,6.2,5.3,5.0,5.6,6.8,9
274783,4.3,5.3,4.7,6.5,5.5,6.7,6.6,6.4,5.2,7.6,9
274802,8.0,7.5,6.7,8.8,8.7,8.6,6.9,6.3,7.8,7.0,8
274810,5.0,5.2,5.5,7.2,7.5,4.3,6.3,5.6,3.5,6.1,9
274852,5.2,5.3,5.7,7.4,5.0,5.8,5.0,4.3,3.5,5.8,9
274855,3.6,3.0,5.6,6.0,6.0,4.0,5.2,3.5,5.2,4.7,9
274894,3.7,6.7,6.3,8.4,4.3,5.9,3.9,5.0,6.0,0.2,9
274904,6.9,7.0,6.5,9.2,10.0,6.3,5.8,6.2,5.8,7.5,8
274930,6.8,8.5,5.0,9.1,10.0,8.1,5.5,6.8,7.2,8.7,8
274958,7.0,6.1,7.2,6.8,5.0,6.6,5.9,5.0,6.4,6.6,5
274976,3.4,5.3,5.8,5.9,4.3,5.6,6.1,3.4,5.1,7.4,9
274985,6.3,5.4,4.3,6.0,5.8,6.0,4.3,4.1,5.0,3.0,9
275001,5.8,5.7,6.5,8.8,7.9,5.4,4.7,4.0,4.3,6.0,9
275008,4.6,3.6,7.4,6.2,6.8,5.8,5.5,3.7,5.0,5.0,10
275012,6.1,7.2,7.6,9.0,8.1,8.0,5.1,5.0,6.7,5.2,8
275023,5.2,5.9,7.6,7.2,6.5,8.0,7.7,5.0,5.0,7.0,7
275027,6.7,6.6,8.5,7.2,8.1,6.1,7.4,6.3,6.8,8.4,8
275054,2.8,5.7,6.0,6.4,6.5,4.1,4.5,3.5,4.3,1.3,11
275060,5.0,4.3,5.0,5.1,1.5,4.3,3.8,1.2,5.2,5.0,11
275067,5.3,6.2,7.7,6.5,7.0,7.5,6.2,5.7,5.5,5.4,8
275080,4.5,7.0,6.5,6.3,8.3,5.1,5.2,5.0,4.1,6.4,8
275082,6.2,5.5,5.9,8.2,8.5,5.9,5.4,5.0,5.6,5.0,8
275107,6.2,7.0,7.8,8.4,8.2,8.5,7.4,6.1,7.0,8.3,8
275117,7.1,7.0,6.5,7.5,10.0,7.2,7.8,7.7,5.0,6.3,11
275153,3.9,5.0,6.1,7.0,6.1,6.3,5.0,5.0,5.1,5.5,10
275156,9.4,9.5,8.8,9.8,10.0,9.1,6.9,7.6,8.4,9.7,7
275174,7.1,8.3,7.7,7.9,10.0,7.4,7.9,7.8,7.6,8.3,5
275202,5.2,6.7,8.0,8.1,7.4,7.0,5.3,5.5,6.6,6.0,8
275206,5.9,5.9,7.2,8.4,7.8,7.0,6.2,7.0,5.3,8.2,7
275208,8.1,7.9,8.5,8.0,7.3,7.6,7.1,5.4,6.4,8.2,8
275225,6.8,5.0,6.7,7.4,7.2,6.3,5.5,5.2,6.1,7.2,9
275258,5.2,7.0,7.6,8.0,7.8,6.1,5.9,7.0,6.0,7.0,8
275267,5.0,6.7,8.3,8.4,6.7,7.7,7.1,7.8,8.4,5.7,8
275270,6.5,5.0,6.5,7.2,7.1,7.1,5.0,5.0,5.0,9.7,10
275286,6.9,7.0,7.4,7.3,8.2,8.7,6.9,5.0,6.9,8.5,8
275304,5.5,5.7,6.9,7.2,7.7,4.5,4.1,5.1,3.7,6.8,9
275319,7.0,7.6,8.8,9.2,8.2,8.0,7.4,5.8,5.8,8.9,8
275350,7.9,10.0,7.9,9.5,10.0,9.4,7.0,6.8,9.0,9.7,7
275372,5.8,6.4,7.9,7.0,6.8,9.0,6.7,5.3,5.0,8.0,8
275391,6.5,5.8,7.5,6.7,6.3,7.0,5.1,5.0,5.7,7.9,7
275412,7.1,5.8,8.0,7.1,7.0,7.7,5.0,5.0,6.8,6.8,8
275430,7.1,5.8,8.8,9.2,7.0,7.7,5.0,7.4,6.8,8.7,9
275466,7.1,8.7,7.9,6.7,6.5,8.3,6.5,6.6,6.4,7.3,7
275472,5.0,4.1,5.9,7.4,6.5,4.4,4.4,3.5,5.2,1.7,10
275486,6.4,7.4,6.5,6.6,8.5,8.0,5.0,6.2,5.0,7.9,8
275509,7.4,8.0,8.1,8.4,9.0,7.8,8.0,8.0,8.1,9.3,9
275519,7.6,8.4,7.2,9.0,9.0,8.2,7.4,7.1,7.9,9.9,8
275597,8.1,5.5,6.7,7.3,5.6,6.8,6.2,5.4,5.0,6.1,9
275603,3.7,4.3,6.0,6.9,5.4,5.1,5.0,1.7,3.2,5.6,9
275604,5.0,5.0,5.1,6.3,5.9,6.3,5.4,5.0,5.0,5.1,9
275616,4.5,4.3,3.8,5.1,4.3,6.9,5.4,8.0,9.0,6.8,11
275624,5.0,5.6,6.9,6.2,8.4,6.7,3.4,4.7,6.3,6.3,10
275627,5.0,5.6,6.9,4.5,6.1,6.3,3.4,4.7,6.3,5.0,7
275659,6.6,5.0,6.7,6.0,6.7,7.0,5.2,6.3,5.1,7.4,9
275674,5.3,5.0,5.9,6.5,3.2,4.0,3.6,4.2,6.0,5.2,9
275676,4.2,6.5,5.4,6.1,8.3,6.2,6.2,5.0,5.0,6.2,11
275689,2.9,4.1,3.8,4.4,6.5,5.0,1.2,5.1,4.1,5.4,11
275698,3.0,5.1,5.1,5.9,5.0,5.7,5.0,5.2,4.2,6.5,8
275726,3.9,5.1,5.1,8.2,5.6,4.8,5.4,3.8,2.8,5.5,9
275735,6.8,7.0,7.6,8.7,6.3,6.2,5.7,6.4,5.0,5.5,9
275739,5.4,7.0,5.9,7.8,6.6,6.4,5.0,5.0,6.0,5.7,7
275748,6.4,5.1,7.5,6.8,4.2,7.5,5.6,5.0,7.7,5.0,8
275778,5.2,5.0,6.5,7.2,7.2,3.5,2.5,5.0,5.5,5.2,11
275884,5.0,4.6,6.3,5.6,3.8,3.4,3.7,5.0,0.0,5.2,9
275904,3.4,3.3,5.1,3.3,0.0,5.0,5.3,4.0,3.2,4.1,11
275943,7.5,8.1,7.6,8.6,7.4,7.0,5.1,6.0,5.5,7.5,9
275945,3.5,3.3,6.2,6.7,7.2,5.0,3.3,4.0,5.0,6.5,10
275958,3.7,3.9,6.3,6.0,8.1,5.1,6.1,5.0,6.8,5.0,9
275974,5.0,2.1,6.9,4.9,0.0,3.2,2.1,3.7,2.8,5.2,8
275979,5.0,6.1,5.5,6.0,6.6,4.5,4.6,5.8,2.8,5.0,10
276021,4.2,5.1,5.7,6.3,4.2,5.5,6.4,5.5,4.4,3.0,9
276026,3.8,5.0,6.6,5.0,4.0,5.2,5.4,3.4,3.0,1.6,10
276039,5.0,5.7,6.5,7.0,5.6,7.6,5.7,3.0,3.2,7.0,9
276102,6.7,5.5,6.5,7.9,4.5,5.0,6.0,2.8,4.0,5.6,10
276117,2.5,5.6,5.4,6.2,5.0,5.1,4.0,3.3,5.8,6.2,11
276128,3.3,4.4,5.0,6.0,6.5,6.1,4.2,5.0,3.4,6.0,11
276139,5.0,7.0,5.9,7.2,6.7,3.1,4.4,4.1,4.7,2.4,10
276146,6.8,6.5,7.4,9.7,9.1,7.5,5.5,6.0,8.3,5.9,7
276164,5.7,5.3,4.6,6.3,1.4,2.8,1.4,5.0,7.0,5.0,9
276184,5.7,5.6,6.0,7.3,8.2,6.3,3.4,5.4,4.6,5.5,9
276198,6.5,6.3,5.7,7.8,5.0,6.0,5.0,3.8,2.8,5.3,8
276205,7.6,7.9,8.1,8.2,10.0,9.0,7.8,5.0,7.3,9.3,8
276239,5.5,5.6,6.1,6.7,2.2,6.1,5.3,5.0,5.1,9.1,9
276244,7.2,7.5,7.3,8.3,9.0,7.6,5.4,6.0,5.6,6.0,9
276260,6.0,6.6,5.9,4.5,6.4,5.6,6.1,5.2,4.0,6.7,10
276273,7.1,6.6,5.9,6.0,6.4,8.7,7.3,6.6,5.8,8.4,10
276304,4.4,6.1,5.3,7.1,7.3,5.5,5.0,3.1,5.6,5.0,10
276317,10.0,9.5,9.7,9.6,10.0,9.6,8.2,9.7,9.0,8.7,7
276330,6.9,7.2,6.8,6.1,5.7,7.0,8.1,7.1,6.2,7.8,8
276356,6.9,7.2,6.8,9.4,8.6,8.8,8.1,7.1,8.2,7.4,9
276359,7.3,8.4,7.3,8.8,7.4,7.0,5.6,8.2,6.7,6.9,7
276382,4.6,5.1,5.1,3.1,1.5,5.2,3.2,5.3,4.0,6.0,10
276392,5.9,6.4,6.6,8.2,9.0,6.3,5.0,5.0,6.5,6.9,8
276414,7.1,9.0,8.4,9.3,8.0,8.0,7.2,7.5,8.4,8.4,8
276429,7.1,9.0,8.4,7.4,6.7,8.0,4.1,2.5,6.1,6.1,8
276442,6.1,7.0,5.8,9.4,8.0,7.4,5.6,6.0,5.0,7.7,8
276472,8.0,10.0,7.3,8.9,10.0,8.0,7.3,5.3,7.9,9.2,8
276491,5.9,6.4,5.8,6.5,7.4,6.0,6.2,5.7,5.0,5.2,9
276511,7.5,7.2,7.3,8.5,10.0,7.8,6.5,5.3,7.1,8.6,8
276524,2.9,2.8,6.8,6.7,2.9,6.1,2.9,6.0,5.0,5.8,10
276547,6.4,6.7,7.0,7.7,6.1,7.0,6.3,6.4,0.0,4.0,8
276554,4.3,0.9,5.4,6.5,6.0,4.3,4.0,5.8,5.6,6.1,10
276594,6.1,7.0,6.9,5.0,6.0,7.0,5.2,5.1,5.7,7.4,10
276607,6.7,5.6,7.1,7.5,6.2,7.1,7.1,5.2,5.0,6.0,7
276613,7.0,6.3,7.3,9.5,9.0,7.9,5.1,6.0,9.0,8.3,8
276620,4.2,5.3,5.8,7.4,5.6,5.3,5.2,6.0,4.0,6.8,10
276633,6.0,7.4,7.5,8.1,10.0,6.7,6.7,5.0,5.0,7.3,8
276641,5.8,6.5,5.7,8.5,8.6,5.7,6.0,5.0,5.0,9.0,8
276642,5.0,5.5,5.9,5.0,8.1,4.5,3.5,5.0,5.0,4.7,10
276673,4.3,5.7,5.1,6.3,7.0,7.0,4.1,3.0,2.7,8.9,9
276674,5.0,3.5,6.2,6.4,7.8,5.4,3.4,5.0,5.2,4.0,11
276697,5.7,5.5,4.3,7.6,7.0,6.0,5.4,6.6,5.5,8.0,7
276710,5.8,5.5,6.0,7.7,6.1,5.4,5.0,5.6,3.1,7.2,9
276713,3.6,4.4,5.0,6.3,5.5,6.4,5.5,7.0,5.3,5.4,10
276724,3.6,4.4,7.8,9.5,5.5,6.4,5.5,8.1,8.7,10.0,9
276736,6.9,7.2,6.5,8.7,8.7,6.1,7.4,7.0,5.0,8.2,7
276738,5.6,6.2,6.3,6.1,7.9,7.3,5.5,6.5,3.5,7.1,9
276739,6.4,6.1,7.3,7.3,7.9,7.8,7.0,5.4,7.6,8.0,10
276756,4.1,4.5,6.6,7.6,3.7,5.8,5.5,2.6,7.0,2.0,10
276760,6.3,7.6,7.9,8.8,10.0,7.2,5.1,5.2,5.0,7.8,8
276768,5.7,5.1,5.2,7.4,5.6,5.5,5.2,4.3,4.1,1.5,10
276774,6.2,5.9,5.0,8.3,7.4,5.0,6.7,5.9,5.5,5.0,9
276787,6.0,5.9,7.3,8.7,10.0,6.4,6.5,5.0,7.6,5.1,8
276814,4.6,5.0,6.1,5.2,6.3,7.0,6.3,5.4,3.3,6.0,9
276821,5.0,4.3,4.4,6.1,5.7,6.0,4.4,5.4,5.0,6.4,9
276847,6.9,6.7,7.9,8.9,7.8,5.5,5.4,7.1,5.0,5.9,7
276848,5.8,6.7,6.7,7.2,7.9,7.0,5.9,7.8,6.7,7.8,8
276856,5.8,6.7,6.7,9.3,10.0,9.8,5.9,7.8,7.1,5.3,9
276857,5.0,5.5,4.1,6.6,6.1,8.4,5.7,5.0,5.3,5.2,11
276867,5.0,4.1,6.5,5.8,5.1,4.0,3.5,2.7,4.2,5.4,10
276889,9.1,9.5,9.3,9.4,9.3,9.4,8.0,7.7,9.0,8.1,7
276894,5.0,8.4,6.6,6.0,9.3,8.4,5.4,5.1,6.2,6.2,10
276910,5.9,7.5,6.9,7.8,7.2,7.0,5.0,5.4,5.7,6.5,8
276921,5.0,4.2,5.0,6.2,7.0,3.2,1.0,5.6,5.0,5.4,10
276945,5.4,5.8,6.9,8.8,8.4,6.5,5.0,5.0,5.0,5.6,8
276949,4.3,5.0,6.9,7.8,10.0,6.5,6.3,5.0,7.3,7.0,8
276968,7.4,8.3,8.8,8.9,10.0,8.7,7.5,7.6,7.3,8.1,8
276983,4.6,4.3,4.8,5.5,5.6,5.1,5.0,4.1,4.2,4.6,10
276984,4.5,5.6,5.9,8.0,6.5,5.2,5.2,2.7,5.1,8.4,11
276991,6.0,5.6,7.4,7.7,6.3,6.2,5.0,5.0,5.8,7.5,9
277001,5.0,5.4,4.0,5.2,6.3,7.8,5.3,5.0,5.5,7.0,8
277021,3.4,7.0,7.0,7.0,7.7,4.6,6.5,6.4,6.7,0.4,9
277051,4.0,3.9,5.6,5.7,4.4,3.4,5.0,3.5,5.3,4.2,11
277065,5.0,5.3,1.7,5.0,3.5,5.0,0.8,4.0,5.0,2.6,10
277075,2.2,5.8,5.4,5.8,2.1,4.1,0.9,3.2,7.0,4.7,10
277091,4.4,5.0,6.8,6.1,7.0,4.6,5.3,3.6,5.0,5.5,7
277093,6.9,6.3,5.2,6.5,7.0,8.4,6.3,3.6,5.9,7.4,10
277097,5.0,4.5,6.0,7.8,7.7,5.0,5.6,5.5,5.4,5.5,8
277111,5.5,6.8,6.0,5.4,7.0,5.0,5.0,5.3,5.0,5.1,9
277112,5.3,6.1,7.2,7.3,5.1,7.6,5.1,5.0,5.2,5.0,10
277140,3.1,4.1,6.1,6.0,5.7,4.2,4.1,3.2,4.0,5.9,9
277146,5.5,7.9,6.8,5.0,3.3,6.1,6.7,6.2,5.1,8.2,8
277149,0.6,1.2,3.4,5.5,5.2,7.3,4.6,4.4,5.0,5.2,9
277163,5.1,5.6,6.9,6.0,5.2,5.0,5.4,4.0,4.1,6.7,10
277177,7.1,7.0,8.3,7.8,8.3,7.8,6.7,7.3,7.1,9.5,8
277288,5.0,7.2,6.3,7.2,6.8,5.5,5.2,5.2,5.6,5.7,8
277311,3.5,4.5,5.1,6.4,2.2,6.3,5.3,2.6,5.6,3.1,11
277315,3.2,3.2,5.0,4.3,1.6,5.4,5.5,6.1,5.0,3.8,10
277334,6.7,7.0,9.3,8.6,8.7,9.4,7.0,6.8,7.0,8.3,7
277339,6.0,6.4,5.6,7.1,5.0,4.6,4.5,4.5,5.4,5.8,10
277345,5.0,5.6,3.3,6.5,5.0,5.0,4.2,4.3,5.6,2.4,11
277373,7.7,8.3,7.7,8.3,8.0,7.0,7.8,6.5,6.2,8.1,7
277375,7.0,8.0,6.6,9.2,7.8,6.5,6.1,7.2,7.4,6.9,8
277404,5.7,6.7,7.0,5.6,7.0,6.5,5.4,3.5,6.1,5.5,8
277409,3.7,4.2,5.1,6.1,1.1,3.6,5.5,3.8,5.0,6.1,10
277422,2.3,5.0,4.5,6.8,6.1,7.0,3.3,6.0,5.0,5.3,9
277465,3.2,4.5,5.4,6.9,7.1,6.5,5.4,2.7,5.2,5.9,8
277484,7.3,7.5,7.1,8.0,5.0,6.4,7.6,5.4,6.0,6.5,8
277488,5.9,5.0,4.7,7.0,4.2,5.5,5.4,3.0,6.0,6.5,11
277507,6.0,6.2,7.4,7.7,7.9,7.0,8.1,6.8,7.4,7.1,8
277510,5.0,7.0,5.4,5.0,2.8,0.8,5.0,3.8,3.6,4.3,10
277512,3.6,3.7,5.0,5.0,6.2,5.8,5.3,3.7,6.2,6.2,10
277518,6.3,5.9,7.0,6.7,7.5,6.4,6.6,5.9,7.5,5.7,8
277531,5.1,3.7,5.7,5.1,4.4,3.8,5.0,5.0,5.0,0.5,8
277547,5.3,6.7,5.9,6.2,2.5,0.1,5.4,6.3,8.3,7.1,8
277551,6.2,7.5,6.7,6.8,7.1,7.6,5.3,5.0,5.5,7.7,9
277587,5.4,4.6,5.0,5.9,7.8,6.8,5.7,5.0,3.5,4.0,9
277597,5.2,5.9,6.1,8.0,8.1,7.7,6.6,6.2,6.6,8.7,8
277614,4.1,5.2,6.3,7.2,7.0,8.4,2.8,3.3,6.0,8.1,9
277628,6.6,5.4,7.3,8.7,5.0,6.6,7.2,5.0,6.9,7.1,8
277630,3.9,4.3,5.6,7.9,8.6,5.0,5.3,3.6,6.2,6.6,9
277658,5.7,5.8,6.5,7.1,7.5,4.5,5.8,4.1,1.8,5.1,11
277672,2.5,3.1,3.9,5.1,5.4,5.0,5.3,3.4,5.5,9.7,10
277688,3.0,3.9,4.2,4.7,2.0,0.0,5.0,6.1,6.2,6.6,11
277691,5.4,5.0,6.4,8.7,7.8,7.0,5.0,7.1,6.1,0.0,8
277700,5.0,3.1,4.6,6.5,3.0,6.0,6.0,4.5,4.0,6.4,10
277741,5.5,6.6,5.8,8.3,7.4,9.0,5.2,5.0,5.5,8.2,10
277744,0.0,2.1,6.1,7.0,7.1,5.0,7.1,1.6,6.5,4.1,11
277754,5.4,6.3,6.2,6.8,8.5,5.3,5.0,5.0,2.8,5.6,10
277758,5.5,5.8,5.3,6.1,5.1,8.6,5.0,5.4,6.1,5.9,9
277760,3.8,4.3,4.7,7.1,8.4,5.0,6.6,6.6,5.6,5.1,8
277768,5.0,6.2,6.0,7.5,5.4,6.7,5.4,5.3,5.2,6.8,9
277783,3.5,5.8,8.4,6.5,5.8,5.5,7.2,4.1,6.4,6.0,9
277824,5.3,7.7,4.7,5.8,4.2,8.0,6.4,5.6,6.2,0.1,9
277825,3.7,5.0,5.2,8.5,5.8,4.7,3.4,4.4,6.7,5.0,9
277829,5.6,7.2,7.4,7.2,5.9,8.3,6.4,5.0,7.4,7.2,8
277872,3.2,3.3,5.0,4.2,3.0,5.3,6.4,4.0,5.0,3.5,11
277875,5.3,5.0,7.2,6.5,5.2,5.6,5.5,5.0,5.0,5.0,9
277877,5.3,5.0,5.0,6.5,7.0,5.9,6.4,5.2,5.6,5.0,8
277881,7.5,5.9,6.9,6.5,5.0,6.5,5.0,6.6,5.0,6.5,8
277893,7.2,7.5,6.1,6.5,7.8,6.6,6.1,5.0,5.3,5.7,8
277904,7.2,7.5,6.1,8.9,7.9,7.8,6.1,5.0,5.7,8.7,9
277913,3.9,5.0,3.8,5.3,5.0,5.6,1.4,4.0,5.7,5.0,10
277915,7.7,7.0,7.6,8.9,7.5,8.6,5.9,7.2,6.6,7.2,8
277934,5.2,4.5,5.0,8.3,4.4,7.6,5.2,7.2,5.1,0.5,10
277981,6.9,6.6,7.8,9.4,8.1,8.4,7.9,6.0,5.0,8.9,8
278003,5.0,6.1,6.9,7.6,8.5,8.4,6.4,6.7,6.8,7.7,7
278050,5.3,5.2,6.5,5.0,6.3,5.9,6.2,5.0,5.0,5.2,7
278072,7.4,6.6,7.1,8.4,7.0,6.2,5.6,4.2,4.0,8.7,8
278075,7.4,6.6,7.6,6.9,7.0,6.2,5.6,6.0,7.7,7.3,9
278080,5.3,6.3,7.3,7.2,7.1,8.2,5.3,5.0,6.0,8.2,8
278094,4.0,6.1,5.1,7.3,7.1,7.5,5.5,5.0,3.7,7.3,9
278104,5.9,5.0,5.9,7.5,4.6,0.8,3.4,5.0,6.6,6.1,11
278108,5.0,5.9,5.5,6.1,6.2,5.0,5.3,4.0,4.0,4.7,10
278128,8.1,7.7,9.0,8.8,10.0,10.0,7.9,7.0,9.1,9.0,10
278148,5.2,5.1,6.7,6.2,7.9,5.7,6.2,4.4,3.0,8.4,8
278190,7.4,8.4,7.6,9.4,7.3,7.8,5.0,7.8,7.4,6.5,7
278194,4.2,5.3,5.9,6.4,7.4,7.0,5.0,5.6,5.7,5.7,8
278214,7.2,5.9,7.3,6.8,8.7,6.2,5.0,5.7,5.7,9.4,11
278251,4.5,6.1,6.9,7.0,7.0,5.3,4.5,4.2,4.3,7.4,11
278254,1.6,4.3,5.0,5.0,0.3,3.2,1.4,1.4,3.8,0.2,11
278260,7.7,9.5,7.9,9.2,9.0,7.3,6.0,7.5,5.0,9.5,7
278286,5.4,4.5,6.4,7.0,2.3,4.1,5.0,3.4,5.3,0.4,10
278287,6.2,7.3,8.2,5.1,8.3,7.1,6.8,6.4,3.4,6.6,8
278296,4.5,5.6,5.8,7.3,7.0,5.8,6.3,4.0,5.8,6.4,11
278305,6.0,5.6,6.0,5.9,7.2,5.2,5.8,4.4,4.0,4.4,9
278468,6.0,5.6,6.0,8.2,10.0,8.3,5.8,4.4,6.6,4.2,9
278851,6.0,5.6,6.0,8.2,10.0,6.2,5.8,2.1,6.6,4.2,11
278961,5.7,5.3,6.6,6.8,6.5,5.6,5.0,3.7,3.9,5.7,9
278971,5.0,5.5,7.5,7.1,6.2,5.7,5.0,6.5,7.2,5.4,8
278974,2.5,2.8,6.2,6.0,3.9,6.1,5.6,5.0,5.3,6.4,10
279025,5.0,5.0,5.5,7.7,5.7,5.3,5.0,5.6,5.1,6.5,8
279040,5.7,5.8,5.5,7.5,5.8,4.2,5.1,5.1,3.4,6.0,11
279067,5.4,4.2,6.0,8.9,6.5,5.5,5.3,3.2,3.7,6.0,9
279236,3.8,5.9,6.1,8.1,6.0,5.8,5.4,4.4,4.0,4.0,11
279255,6.5,5.7,5.4,7.7,6.6,5.3,3.5,4.2,4.0,4.2,10
279502,5.0,6.7,6.0,5.8,8.0,4.3,5.1,3.3,4.4,5.4,9
280198,3.0,3.2,4.8,3.4,7.7,5.5,0.2,4.6,4.3,6.0,10
280213,5.3,5.2,6.3,8.4,8.4,5.5,5.5,5.6,5.0,6.1,8
280215,7.6,6.4,7.6,7.6,8.1,7.4,5.9,6.0,7.0,8.0,7
280216,5.0,2.5,3.2,3.4,2.9,4.0,5.6,6.5,6.1,6.1,9
280240,5.0,2.5,3.2,3.4,6.1,1.2,3.2,5.1,6.5,6.1,10
280241,5.2,5.0,6.4,7.1,6.2,6.5,6.3,5.3,5.2,0.0,8
280242,5.4,6.5,6.1,5.9,5.7,5.6,6.5,3.7,5.0,4.1,10
280244,4.1,4.4,4.3,3.2,4.0,5.0,5.0,1.8,4.7,4.6,11
281289,5.0,4.2,5.2,6.6,2.7,5.0,5.0,5.0,4.1,4.3,10
281299,7.0,5.5,5.0,6.8,7.2,5.2,7.8,5.0,6.2,6.4,10
281364,7.0,5.5,7.5,6.6,7.2,5.2,7.8,3.0,5.0,5.4,9
285142,7.0,5.5,7.5,7.9,7.2,6.0,4.1,4.4,7.4,5.4,5
288959,6.5,8.0,6.5,7.4,4.1,6.6,7.3,7.1,7.4,5.3,5
288961,6.6,6.6,6.4,6.1,8.6,5.0,6.6,5.7,5.3,8.9,8
288963,4.0,5.4,5.1,9.0,4.2,5.7,6.3,5.0,6.6,5.9,8
288964,7.0,6.4,6.1,6.1,7.3,6.5,5.2,5.8,7.1,7.2,8
288967,6.1,5.2,6.0,5.4,6.0,5.0,5.2,6.3,5.1,5.6,8
288976,5.0,7.1,6.2,8.0,5.0,5.1,6.0,8.2,7.6,6.8,8
288978,7.1,7.7,7.0,9.8,8.6,6.2,5.3,6.2,7.5,7.1,7
288982,5.2,6.5,6.0,6.2,7.0,5.2,5.0,6.1,5.8,6.8,7
288985,6.0,5.0,6.0,5.0,6.5,4.2,5.8,5.0,5.3,5.4,9
288987,5.7,7.5,5.0,6.2,9.0,5.6,5.6,7.0,6.1,7.3,8
288991,6.3,6.4,6.0,5.5,8.3,6.3,5.0,8.0,7.0,9.7,7
288994,5.2,5.0,7.2,7.0,7.5,6.1,5.3,6.6,6.5,8.9,9
288996,6.8,5.0,5.0,6.0,5.6,5.0,5.0,5.3,7.4,5.7,8
289003,4.4,7.3,2.2,0.0,5.0,2.6,3.5,3.2,2.9,4.0,9
289008,5.6,7.5,7.2,9.1,9.2,7.7,6.1,7.0,9.0,6.1,7
289009,2.2,2.6,6.3,6.6,8.3,6.1,5.0,1.9,4.0,8.1,9
289010,3.7,7.1,5.0,5.0,5.6,5.7,5.0,6.2,5.0,6.3,8
289013,5.7,5.7,7.0,7.0,8.5,6.3,5.1,6.0,5.5,9.5,8
289018,5.7,5.7,7.0,3.7,8.5,4.6,4.8,1.5,5.5,9.5,9
289020,5.8,5.5,5.9,7.3,6.5,5.5,5.0,6.3,6.1,6.6,8
289024,6.2,6.7,7.5,9.5,9.5,6.8,5.3,9.0,10.0,5.5,8
289026,6.7,6.2,5.8,8.0,7.5,2.7,5.0,6.2,5.1,5.0,8
289035,7.1,8.1,8.0,7.2,9.0,7.8,7.0,6.2,6.6,8.5,7
289037,5.7,5.6,5.8,8.4,7.9,7.0,5.0,7.2,6.4,7.6,8
289038,6.2,5.5,6.4,5.7,7.7,5.0,5.1,6.0,5.6,6.0,8
289046,6.2,6.0,7.8,7.6,6.6,5.4,5.0,5.0,7.4,6.2,7
289050,6.2,6.0,7.8,7.6,9.6,7.7,5.0,5.0,7.4,6.2,6
289052,5.0,5.0,3.9,1.8,8.1,5.5,6.0,5.0,6.1,8.5,9
289058,5.6,6.2,5.8,6.5,6.0,5.0,5.0,6.3,5.4,7.5,8
289060,6.3,5.0,5.3,6.2,5.6,5.0,5.8,6.0,7.5,7.7,8
289061,5.5,5.0,5.8,5.4,4.3,5.0,6.1,5.0,5.3,7.2,9
289063,3.8,5.3,6.1,5.1,7.1,5.4,5.0,5.4,5.0,5.1,9
289066,5.0,5.3,5.3,7.9,9.1,5.7,5.2,5.6,6.4,7.8,8
289068,6.6,5.4,6.6,6.7,5.4,5.0,5.4,6.0,6.2,6.4,8
289071,6.0,5.0,6.1,7.0,8.3,5.9,5.1,5.2,5.6,6.9,8
289072,6.5,7.5,7.2,7.4,8.7,7.0,5.3,8.6,7.8,6.6,10
289073,6.5,7.5,7.2,7.4,8.7,5.0,5.3,8.6,7.8,6.6,6
289078,6.7,7.1,5.2,5.6,7.0,6.0,5.7,5.0,5.8,5.0,9
289081,7.2,5.2,6.1,5.6,4.2,5.0,5.3,6.1,5.5,5.0,8
289083,5.0,8.1,7.6,9.8,8.4,7.4,7.0,8.0,8.8,9.0,8
289086,5.1,5.0,5.1,5.4,4.2,5.2,5.4,6.5,6.2,8.0,9
289089,6.8,6.7,6.0,5.5,6.3,6.0,5.3,5.0,8.2,7.0,8
289090,7.1,6.6,6.1,6.1,7.0,5.0,1.8,4.3,5.0,6.5,9
289099,5.1,5.0,5.0,5.5,7.6,5.0,5.0,6.4,7.2,5.7,8
289100,5.8,7.3,5.5,6.2,8.3,7.6,6.7,6.3,7.7,9.3,9
289101,6.0,5.6,6.4,7.3,7.1,7.0,5.0,8.6,7.7,8.3,8
289103,6.1,6.1,5.3,6.0,1.8,5.8,6.5,6.2,6.7,5.9,8
289104,5.4,5.6,3.0,4.6,7.2,2.8,2.3,5.0,6.6,5.0,9
289105,5.2,5.0,6.2,7.0,3.7,6.7,5.0,6.1,6.3,7.3,8
289106,8.1,7.2,6.7,10.0,7.8,6.6,7.0,9.6,9.0,8.1,8
289107,5.4,4.5,6.3,5.8,7.2,5.7,5.0,5.0,7.1,5.5,9
289108,5.7,6.4,5.5,6.6,6.4,5.0,5.8,6.6,6.9,5.9,8
289110,6.4,5.0,7.3,3.3,6.0,2.5,5.2,5.0,6.9,5.0,8
289117,5.0,5.5,6.1,7.0,8.2,5.1,5.8,5.0,7.0,7.5,8
289118,5.0,4.3,5.8,6.0,8.7,5.0,5.6,5.4,5.2,5.0,5
289120,6.5,6.8,6.2,8.0,7.9,5.5,5.0,6.8,7.5,7.3,7
289121,7.0,6.9,6.7,6.1,6.0,5.9,5.0,7.0,6.4,5.3,8
289122,6.0,6.5,5.8,8.3,7.4,6.1,5.0,5.0,6.2,8.2,8
289125,6.5,7.5,6.8,8.2,9.0,8.1,7.5,7.3,9.0,7.2,8
289131,7.0,5.1,6.3,8.2,8.2,6.7,5.5,7.7,8.4,9.3,10
289134,7.4,6.9,7.6,7.9,9.9,6.6,6.1,5.0,7.0,6.8,8
289135,8.3,6.6,7.5,7.1,8.4,7.5,5.2,8.0,5.0,5.0,7
289137,5.0,4.0,4.7,5.5,3.4,4.4,5.3,3.7,5.5,5.2,8
289138,6.6,7.2,7.8,9.6,7.7,6.5,5.0,8.5,7.5,7.7,7
289140,5.2,5.0,4.1,5.0,7.0,1.2,5.5,6.5,6.8,7.0,9
289142,6.0,5.5,5.6,5.2,7.0,5.5,5.2,5.7,6.6,7.6,8
289147,7.2,7.6,7.0,7.1,9.0,7.5,7.1,8.1,6.4,9.5,7
289148,8.2,6.4,7.9,9.2,7.2,8.1,6.9,8.4,8.4,9.4,7
289151,6.2,5.5,5.0,5.0,8.2,6.0,7.5,5.0,6.4,6.4,8
289153,7.2,7.1,5.5,9.6,6.0,6.7,5.0,5.0,8.5,6.0,8
289155,7.1,6.8,7.1,5.8,7.0,6.0,5.0,6.1,5.6,5.6,7
289160,7.1,6.8,7.1,5.8,7.0,5.7,5.0,6.1,5.6,5.6,5
289163,7.0,6.7,5.7,6.0,6.5,5.4,5.0,6.2,10.0,5.5,7
289166,6.0,6.2,6.5,5.0,7.2,5.4,5.2,5.8,8.0,7.1,9
289167,9.3,9.0,8.4,9.6,9.4,8.1,8.2,9.0,10.0,9.7,8
289169,7.0,6.1,5.5,8.5,8.2,6.6,6.3,8.0,7.0,6.9,7
289182,7.0,6.1,5.5,8.5,8.2,4.1,6.3,5.0,7.0,6.9,9
289184,5.7,5.0,5.0,7.1,5.0,5.9,6.5,5.8,6.5,5.2,8
289189,6.7,5.7,5.7,8.2,9.4,5.7,5.0,5.8,6.8,9.0,7
289194,6.0,5.0,6.6,6.8,6.0,5.6,6.5,5.0,6.2,9.1,8
289199,5.6,5.1,6.9,5.8,6.7,5.9,5.0,6.0,6.8,7.1,8
289200,7.9,6.6,4.5,6.8,3.4,5.4,5.0,6.0,5.0,5.5,8
289203,6.0,5.0,6.0,6.6,9.3,5.3,5.3,5.5,8.7,7.0,8
289207,6.1,6.2,7.2,7.5,9.3,5.0,5.6,5.0,5.9,7.5,7
289209,7.2,6.5,6.4,7.7,7.0,7.3,5.7,8.6,8.1,9.7,8
289211,6.6,7.7,8.1,7.8,9.3,7.4,6.6,6.3,8.6,10.0,8
289214,7.0,7.2,6.8,8.3,9.4,6.5,5.7,6.2,7.5,7.9,8
289217,7.6,6.4,7.5,8.7,6.5,7.0,6.1,7.0,10.0,8.7,9
289220,7.5,7.8,8.1,8.2,8.6,5.8,6.0,6.2,7.7,7.5,7
289221,6.0,5.2,5.0,6.2,7.0,5.0,5.2,5.6,5.7,5.4,8
289225,5.1,6.4,5.9,8.7,6.3,6.7,5.5,7.3,6.5,6.9,8
289227,5.4,7.0,4.4,7.1,9.1,2.9,7.5,5.3,5.1,6.0,9
289233,5.0,5.7,6.0,6.5,6.0,5.5,5.0,6.0,6.5,7.2,8
289237,5.6,6.3,3.7,6.7,3.0,6.4,5.0,5.0,5.9,3.0,8
289240,5.0,5.5,5.0,5.4,6.6,5.8,7.0,5.0,6.1,6.0,8
289242,5.1,5.0,6.8,7.6,6.3,5.8,3.5,5.3,5.1,3.4,9
289243,7.0,5.9,5.7,7.5,9.6,5.6,5.8,6.0,7.8,8.6,8
289244,6.1,7.7,5.8,7.5,8.0,6.7,6.9,5.2,6.6,8.1,8
289246,6.8,6.0,6.4,6.0,9.6,5.6,5.0,5.1,6.1,8.8,7
289247,5.0,5.0,6.1,8.3,7.7,6.1,5.0,6.3,7.1,8.1,8
289253,5.7,5.9,6.2,5.0,6.2,5.9,6.0,5.4,5.8,7.3,8
289255,6.0,6.2,5.3,7.2,8.6,6.2,5.0,6.6,7.6,5.0,8
289261,5.0,5.1,5.8,6.0,7.8,6.1,6.0,5.0,6.9,9.7,8
289262,5.6,7.5,5.7,6.7,7.6,8.0,6.0,6.1,7.2,5.9,8
289265,7.1,5.6,5.9,6.4,8.4,7.0,5.0,6.6,8.8,7.5,7
289266,7.8,7.9,6.7,7.8,8.5,6.2,5.0,7.3,7.7,8.3,8
289267,7.2,6.6,7.6,9.3,9.6,7.0,6.1,9.2,9.0,9.5,7
289274,6.8,5.0,7.9,6.8,9.0,6.0,5.3,6.6,7.0,7.2,8
289276,7.2,6.2,7.2,8.5,8.3,7.2,6.5,7.0,7.1,5.1,7
289278,6.6,7.1,6.1,8.7,7.4,5.0,5.0,6.5,5.3,5.0,9
289283,6.0,5.7,6.4,6.0,7.7,3.5,3.8,5.5,5.0,7.5,8
289285,3.2,5.8,5.0,6.1,7.1,5.5,5.0,7.3,7.6,5.2,8
289287,6.4,7.4,5.7,7.0,7.0,7.0,5.0,5.7,6.3,6.3,8
289289,9.0,8.4,7.5,9.6,8.0,8.0,7.0,8.5,8.4,7.9,8
289291,7.0,6.6,5.6,5.8,9.3,5.0,5.4,8.1,7.3,8.3,8
289292,6.0,6.7,7.0,7.6,9.2,5.3,6.1,7.3,5.9,5.0,8
289299,6.9,6.2,6.2,8.0,9.0,5.9,6.0,7.0,8.2,8.7,8
289301,5.6,5.0,6.3,8.1,7.0,6.3,5.1,6.0,7.6,6.1,8
289304,6.6,6.6,6.7,5.0,6.3,6.7,5.7,5.0,5.0,7.2,10
289308,5.2,6.4,5.8,7.8,5.2,5.7,5.6,6.6,5.9,3.4,9
289311,9.5,8.6,8.6,10.0,10.0,9.4,10.0,9.7,10.0,9.4,8
289317,6.0,5.0,5.0,7.2,8.0,5.0,5.0,5.0,7.0,5.1,9
289320,6.4,7.0,6.5,7.1,7.6,7.0,5.9,6.7,7.2,6.7,8
289321,6.5,4.4,6.3,7.0,5.1,5.0,5.0,5.0,6.2,5.4,9
289330,7.3,7.5,7.0,7.5,8.7,6.2,5.3,7.0,8.0,8.7,8
289332,5.8,6.6,5.0,6.1,2.7,5.0,5.0,6.0,5.0,1.1,9
289333,5.3,6.2,4.2,5.5,6.0,7.3,1.0,5.7,6.0,0.4,8
289334,7.1,5.4,6.4,5.5,8.2,6.4,5.5,7.0,5.8,9.7,8
289336,5.7,6.6,5.4,9.8,8.0,6.1,5.5,7.3,8.4,6.6,8
289342,6.0,5.3,6.1,5.0,7.1,5.0,5.0,7.2,5.1,7.1,8
289343,6.6,7.7,7.3,9.6,9.7,6.8,6.8,8.1,8.4,6.6,7
289345,6.4,6.3,6.5,7.7,8.3,6.8,5.9,7.7,7.0,6.7,8
289347,6.7,6.4,5.1,6.5,4.0,5.5,2.3,5.4,5.3,3.3,9
289357,5.0,3.8,5.7,8.0,6.0,5.0,5.0,5.0,5.3,5.3,9
289361,7.7,6.4,5.3,6.9,6.0,5.2,5.0,5.4,6.8,5.9,8
289362,6.5,8.4,8.3,7.1,5.6,7.2,5.6,7.2,5.0,7.2,8
289364,7.0,5.0,5.0,5.6,7.9,4.3,5.0,4.3,5.7,7.7,9
289366,7.0,5.7,7.4,8.2,8.3,5.3,5.0,7.4,7.1,7.9,8
289367,8.0,8.4,7.5,8.3,9.6,8.1,8.5,9.7,10.0,6.2,8
289369,8.8,6.1,6.2,6.7,7.0,6.2,5.0,6.0,5.4,5.0,8
289375,3.8,6.3,5.9,5.9,8.1,5.8,5.3,6.3,5.8,5.7,8
289377,5.0,6.1,6.1,5.5,5.6,5.5,5.1,5.1,6.0,7.1,8
289381,3.5,5.0,5.0,8.0,7.0,5.0,5.0,5.4,7.2,7.2,9
289383,6.0,6.2,6.2,5.3,7.9,7.4,6.0,8.0,10.0,5.9,11
289387,7.1,7.3,7.3,8.2,7.6,7.5,6.8,8.6,7.0,8.1,7
289399,8.4,6.9,8.2,10.0,9.3,8.7,7.7,9.0,10.0,9.9,8
289403,5.7,7.7,7.4,6.1,7.3,6.1,5.2,7.4,6.9,7.6,8
289404,5.5,5.9,5.4,7.3,7.0,5.6,5.0,6.0,7.9,8.1,8
289407,7.1,7.6,6.0,6.4,7.8,7.6,5.0,8.0,8.8,8.4,8
289408,5.6,6.9,7.1,7.1,5.0,5.7,5.0,6.3,6.7,8.0,7
289410,8.0,6.9,5.0,7.6,8.4,6.4,5.0,7.0,6.8,8.4,8
289411,6.0,7.5,6.1,7.5,7.9,5.3,7.1,7.1,7.2,7.7,8
289414,5.0,5.7,5.7,7.2,8.7,6.6,5.1,5.6,5.3,7.0,8
289415,7.0,5.6,5.8,6.4,6.0,5.7,5.0,6.1,6.4,7.1,8
289418,6.1,6.2,5.2,5.5,8.6,6.0,5.0,6.0,8.5,9.1,7
289419,5.2,5.0,7.0,6.0,7.6,5.4,5.5,5.6,6.5,7.7,8
289420,6.3,5.7,6.4,6.9,7.5,5.1,5.0,6.4,6.6,8.0,9
292349,6.3,5.7,6.4,6.9,7.5,9.0,5.0,6.4,6.6,8.6,7
292904,7.1,6.4,5.2,6.0,7.1,5.0,5.0,6.0,5.6,6.0,7
292908,7.1,8.6,7.1,5.9,5.3,7.6,7.6,9.0,8.7,7.9,7
292909,6.1,7.4,7.1,7.1,7.5,8.5,6.1,7.3,10.0,7.5,7
292910,6.5,6.4,5.0,6.9,7.1,6.0,5.0,7.1,6.6,9.2,10
292911,7.0,5.8,5.0,5.7,7.8,5.8,0.8,5.0,5.7,5.2,8
292912,6.8,5.9,7.1,7.1,7.2,7.0,5.0,9.1,5.0,7.3,8
292925,3.5,5.0,5.6,6.5,6.7,2.8,3.0,3.1,6.0,3.3,9
292927,5.0,5.0,5.0,7.1,7.0,7.0,6.5,6.2,7.8,8.2,7
292929,7.4,7.6,6.4,8.1,8.4,7.0,5.0,5.1,8.1,8.6,7
292932,7.1,6.0,5.6,7.2,8.2,5.6,5.3,6.5,8.1,9.5,8
293631,7.1,6.0,5.6,7.2,8.2,5.6,5.3,6.5,8.1,7.4,8
294141,7.8,6.2,8.2,9.2,9.0,6.7,5.5,8.1,8.0,8.6,7
294157,5.2,5.0,5.3,5.2,3.5,6.0,3.5,6.0,5.3,7.0,9
304098,5.9,7.3,6.7,6.3,5.0,6.6,5.2,5.0,6.0,5.1,6
304183,5.9,7.3,6.7,6.3,5.0,5.0,5.2,5.0,6.0,5.1,6
304201,5.7,6.6,5.0,6.3,8.4,5.0,5.0,5.7,6.0,5.6,8
304271,5.6,4.1,6.0,5.3,4.2,3.6,5.0,5.0,5.0,1.6,8
309709,6.1,5.2,5.5,6.8,10.0,7.7,6.0,7.0,5.0,6.5,5
309712,6.4,6.2,7.9,8.8,9.5,5.7,5.0,5.5,6.6,9.0,5
322215,5.5,5.0,5.0,5.2,8.1,5.7,5.0,8.1,5.1,6.4,3
327145,5.0,5.0,5.0,6.6,5.1,5.3,5.0,6.1,5.4,6.2,6
327165,5.0,5.5,5.4,7.1,7.1,5.2,6.3,5.0,8.3,6.3,6
327170,6.1,5.0,5.5,7.1,6.0,5.8,5.0,6.2,8.3,6.0,4
327543,5.5,5.6,6.2,5.0,6.3,5.3,5.1,6.0,5.7,6.5,4
